143244425,大数据开发工程师,7千-1.2万,黄冈,1年经验,本科,武汉兴智联科技服务有限责任公司,2022-11-06 04:00:56,https://jobs.51job.com/huanggang/143244425.html?s=sou_sou_soulb&t=0_0
91839777,医药大数据业务销售,15-30万/年,上海-静安区,2年经验,本科,上海数图健康医药科技有限公司,2022-11-06 04:00:30,https://jobs.51job.com/shanghai-jaq/91839777.html?s=sou_sou_soulb&t=0_0
139570463,广西大数据讲师,8千-1.5万,来宾,2年经验,本科,北京中科特瑞科技有限公司,2022-11-06 04:01:28,https://jobs.51job.com/laibin/139570463.html?s=sou_sou_soulb&t=0_0
143737915,电气工程大数据分析师,8千-1.2万,朔州,1年经验,大专,北京智动数联科技有限公司,2022-11-06 04:00:56,https://jobs.51job.com/shuozhou/143737915.html?s=sou_sou_soulb&t=0_0
143746309,Python大数据（讲师）,2-3万,珠海-香洲区,2年经验,本科,北京赢家伟业创新教育科技有限公司,2022-11-06 04:00:56,https://jobs.51job.com/zhuhai-xzq/143746309.html?s=sou_sou_soulb&t=0_0
139646437,大数据分析师,1-1.5万,北京,2年经验,硕士,中国中元国际工程有限公司,2022-11-06 04:01:28,https://jobs.51job.com/beijing/139646437.html?s=sou_sou_soulb&t=0_0
123037234,大数据模型算法工程师,1-2万,上海,2年经验,本科,上海经达信息科技股份有限公司,2022-11-06 04:00:30,https://jobs.51job.com/shanghai/123037234.html?s=sou_sou_soulb&t=0_0
143739250,大数据分析师管培生,8千-1.2万,大连,1年经验,大专,北京智动数联科技有限公司,2022-11-06 04:00:56,https://jobs.51job.com/dalian/143739250.html?s=sou_sou_soulb&t=0_0
143759451,大数据开发,7千-1.4万,青岛,,无需经验,青岛黑臻科技信息有限公司,2022-11-06 04:00:56,https://jobs.51job.com/qingdao/143759451.html?s=sou_sou_soulb&t=0_0
136959713,大数据分析工程师,1.2-2.4万·14薪,宁波,3-4年经验,硕士,宁波金唐软件有限公司,2022-11-06 04:00:30,https://jobs.51job.com/ningbo/136959713.html?s=sou_sou_soulb&t=0_0
129905641,大数据平台研发工程师(J10199),15-20万/年,深圳-龙岗区,2年经验,本科,富德保险控股股份有限公司,2022-11-06 04:00:30,https://jobs.51job.com/shenzhen-lgq/129905641.html?s=sou_sou_soulb&t=0_0
143746295,大数据分析师助理,6-8千,泰安,1年经验,大专,北京智动数联科技有限公司,2022-11-06 04:00:56,https://jobs.51job.com/taian/143746295.html?s=sou_sou_soulb&t=0_0
143706267,大数据开发工程师,1.2-1.8万,成都-武侯区,5-7年经验,本科,纬创软件（武汉）有限公司,2022-11-06 04:00:56,https://jobs.51job.com/chengdu-whq/143706267.html?s=sou_sou_soulb&t=0_0
143750394,大数据项目实施项目,1.5-2万,无锡-锡山区,5-7年经验,本科,振宁（无锡）智能科技有限公司,2022-11-06 04:00:56,https://jobs.51job.com/wuxi-xsq/143750394.html?s=sou_sou_soulb&t=0_0
143752242,大数据开发工程师,8千-1.6万,长沙-天心区,3-4年经验,大专,湖南大图智能科技有限公司,2022-11-06 04:00:56,https://jobs.51job.com/changsha-txq/143752242.html?s=sou_sou_soulb&t=0_0
143737525,材料工程大数据分析师,8千-1.2万,兰州,1年经验,大专,北京智动数联科技有限公司,2022-11-06 04:00:56,https://jobs.51job.com/lanzhou/143737525.html?s=sou_sou_soulb&t=0_0
125840022,GIS大数据挖掘工程师,6-8千,昆明-西山区,1年经验,本科,昆明市土地开发整理中心,2022-11-06 04:00:30,https://jobs.51job.com/kunming-xsq/125840022.html?s=sou_sou_soulb&t=0_0
143747646,大数据运维工程师 (MJ005861),,上海,,5-7年经验,太平洋寿险总公司,2022-11-06 04:00:56,https://jobs.51job.com/shanghai/143747646.html?s=sou_sou_soulb&t=0_0
143710967,大数据架构师,20-30万,厦门-思明区,10年以上经验,本科,麦乐峰（厦门）智能科技有限公司,2022-11-06 04:00:56,https://jobs.51job.com/xiamen-smq/143710967.html?s=sou_sou_soulb&t=0_0
143748853,机械设计大数据分析师,8千-1.2万,北京-怀柔区,1年经验,大专,北京智动数联科技有限公司,2022-11-06 04:00:56,https://jobs.51job.com/beijing-hrq/143748853.html?s=sou_sou_soulb&t=0_0
127868570,证券大数据分析师,1.5-3万,南京,无需经验,硕士,南京立方歌投资咨询有限公司,2022-11-06 04:00:30,https://jobs.51job.com/nanjing/127868570.html?s=sou_sou_soulb&t=0_0
136191470,大数据工程师（讲师）,1-1.8万,广州-花都区,3-4年经验,本科,北京中科特瑞科技有限公司,2022-11-06 04:00:30,https://jobs.51job.com/guangzhou-hdq/136191470.html?s=sou_sou_soulb&t=0_0
143720194,大数据开发,3-4.5万,上海-徐汇区,5-7年经验,大专,塔塔信息技术（中国）有限责任公司,2022-11-06 04:00:00,https://jobs.51job.com/shanghai-xhq/143720194.html?s=sou_sou_soulb&t=0_0
143738281,自动化大数据分析师,8千-1.2万,大同,1年经验,大专,北京智动数联科技有限公司,2022-11-06 04:00:56,https://jobs.51job.com/datong/143738281.html?s=sou_sou_soulb&t=0_0
142090952,大数据技术主任,1.8-3万,东莞-樟木头镇,3-4年经验,本科,广东融勤教育科技有限公司,2022-11-06 04:00:56,https://jobs.51job.com/dongguan-zmtz/142090952.html?s=sou_sou_soulb&t=0_0
143467785,高级大数据开发工程师,2.2-2.8万,上海-虹口区,5-7年经验,本科,上海伍贤信息技术股份有限公司,2022-11-06 04:00:56,https://jobs.51job.com/shanghai-hkq/143467785.html?s=sou_sou_soulb&t=0_0
143746349,Java开发工程师（大数据方向）,1.5-2万,上海,3-4年经验,本科,上海橙域网络科技有限公司,2022-11-06 04:00:56,https://jobs.51job.com/shanghai/143746349.html?s=sou_sou_soulb&t=0_0
143738221,自动化大数据分析师,8千-1.2万,北京-丰台区,1年经验,大专,北京智动数联科技有限公司,2022-11-06 04:00:56,https://jobs.51job.com/beijing-ftq/143738221.html?s=sou_sou_soulb&t=0_0
143712323,大数据工程师（售中）,5-7千,无锡-滨湖区,3-4年经验,本科,南京拾柴信息科技有限公司,2022-11-06 04:00:56,https://jobs.51job.com/wuxi-bhq/143712323.html?s=sou_sou_soulb&t=0_0
143358583,大数据开发工程师,1.5-2.5万,苏州-工业园区,5-7年经验,本科,上海天好信息技术股份有限公司,2022-11-06 04:00:56,https://jobs.51job.com/suzhou-gyyq/143358583.html?s=sou_sou_soulb&t=0_0
139332438,大数据运维工程师,8千-1万·13薪,重庆,3-4年经验,本科,中国电信股份有限公司重庆分公司,2022-11-06 04:01:28,https://jobs.51job.com/chongqing/139332438.html?s=sou_sou_soulb&t=0_0
143737617,材料工程大数据分析师,8千-1.2万,济南,1年经验,大专,北京智动数联科技有限公司,2022-11-06 04:00:56,https://jobs.51job.com/jinan/143737617.html?s=sou_sou_soulb&t=0_0
141979420,校招大数据平台工程师,2-3万·16薪,北京-西城区,无需经验,本科,因诺（上海）资产管理有限公司,2022-11-06 04:00:56,https://jobs.51job.com/beijing-xcq/141979420.html?s=sou_sou_soulb&t=0_0
143468006,中级大数据开发工程师,1.8-2.4万,上海-虹口区,3-4年经验,本科,上海伍贤信息技术股份有限公司,2022-11-06 04:00:56,https://jobs.51job.com/shanghai-hkq/143468006.html?s=sou_sou_soulb&t=0_0
143711586,大数据工程师（售前）,7-8千,无锡-滨湖区,3-4年经验,本科,南京拾柴信息科技有限公司,2022-11-06 04:00:56,https://jobs.51job.com/wuxi-bhq/143711586.html?s=sou_sou_soulb&t=0_0
143738373,自动化大数据分析师,8千-1.2万,长春,1年经验,大专,北京智动数联科技有限公司,2022-11-06 04:00:56,https://jobs.51job.com/changchun/143738373.html?s=sou_sou_soulb&t=0_0
143748119,大数据架构师,5-8万,北京-海淀区,8-9年经验,本科,北京知帆科技有限公司,2022-11-06 04:00:56,https://jobs.51job.com/beijing-hdq/143748119.html?s=sou_sou_soulb&t=0_0
143710269,智能工厂大数据中心负责人,4.5-6千,舟山,1年经验,本科,浙江清华长三角研究院,2022-11-06 04:00:56,https://jobs.51job.com/zhoushan/143710269.html?s=sou_sou_soulb&t=0_0
129904482,大数据平台研发工程师(J10199),20-30万/年,深圳-龙岗区,3-4年经验,本科,富德保险控股股份有限公司,2022-11-06 04:00:30,https://jobs.51job.com/shenzhen-lgq/129904482.html?s=sou_sou_soulb&t=0_0
143738088,机械设计大数据分析师,8千-1.2万,西安,1年经验,大专,北京智动数联科技有限公司,2022-11-06 04:00:56,https://jobs.51job.com/xian/143738088.html?s=sou_sou_soulb&t=0_0
143756048,大数据开发工程师,1-2万,台州,3-4年经验,本科,浙江畅云信息科技有限公司,2022-11-06 04:00:56,https://jobs.51job.com/taizhoue/143756048.html?s=sou_sou_soulb&t=0_0
143369132,大数据开发工程师,2-3万,上海-浦东新区,5-7年经验,本科,丰盛信息科技（上海）有限公司,2022-11-06 04:00:56,https://jobs.51job.com/shanghai-pdxq/143369132.html?s=sou_sou_soulb&t=0_0
137084893,大数据开发工程师,1.5千以下,北京-丰台区,无需经验,本科,宁夏宸宇控股集团有限公司,2022-11-04 17:40:36,https://jobs.51job.com/beijing-ftq/137084893.html?s=sou_sou_soulb&t=0_0
143738468,金融大数据分析师,8千-1.2万,烟台,1年经验,大专,北京智动数联科技有限公司,2022-11-06 04:00:56,https://jobs.51job.com/yantai/143738468.html?s=sou_sou_soulb&t=0_0
139156303,BIG DATA - System Integrator,2.5-3万,上海-长宁区,5-7年经验,本科,Ericsson (China) Communications Co.LTD 爱立信（中国）通信有限公司,2022-11-06 07:00:09,https://jobs.51job.com/shanghai-cnq/139156303.html?s=sou_sou_soulb&t=0_0
137582327,Big Data and AI Expert,2-2.5万,广州,5-7年经验,本科,捷普集团-捷普电子（广州）有限公司 Jabil Circuit (Guangzhou) Limited,2022-11-03 09:52:13,https://jobs.51job.com/guangzhou/137582327.html?s=sou_sou_soulb&t=0_0
141396481,大数据研发工程师,1.8-3万·15薪,苏州-高新区,3-4年经验,本科,阿特斯光伏科技（苏州）有限公司,2022-11-06 19:05:24,https://jobs.51job.com/suzhou-gxq/141396481.html?s=sou_sou_soulb&t=0_0
143738042,机械设计大数据分析师,8千-1.2万,北京-朝阳区,1年经验,大专,北京智动数联科技有限公司,2022-11-06 04:00:56,https://jobs.51job.com/beijing-cyq/143738042.html?s=sou_sou_soulb&t=0_0
124745323,大数据开发工程师,8千-1.5万,福州,3-4年经验,大专,福建星汉信息科技有限公司,2022-11-06 19:15:35,https://jobs.51job.com/fuzhou/124745323.html?s=sou_sou_soulb&t=0_0
141749492,大数据顾问/年底双薪/朝九晚七不加班底薪4200起,5千-1万·13薪,武汉-洪山区,1年经验,大专,招商信诺人寿保险有限公司,2022-11-06 22:11:59,https://jobs.51job.com/wuhan-hsq/141749492.html?s=sou_sou_soulb&t=0_0
140356763,员工报销大数据分析Sr. Travel&Expense Data Analyst,1-1.2万·13薪,上海-徐汇区,5-7年经验,本科,罗克韦尔自动化制造（上海）有限公司,2022-11-06 17:00:04,https://jobs.51job.com/shanghai-xhq/140356763.html?s=sou_sou_soulb&t=0_0
143739296,土木建筑大数据分析师,8千-1.2万,北京-大兴区,1年经验,大专,北京智动数联科技有限公司,2022-11-06 04:00:56,https://jobs.51job.com/beijing-dxq/143739296.html?s=sou_sou_soulb&t=0_0
141101481,大数据运维开发工程师（Kafka集群）_CI,3-5万,上海,,无需经验,博世（中国）投资有限公司,2022-11-06 16:00:07,http://boschchina.51job.com/jobdetail.html?jobid=141101481
141127705,大数据开发双休,7-9千,青岛-市北区,无需经验,高中,青岛资博互动信息技术有限公司,2022-11-06 15:25:36,https://jobs.51job.com/qingdao-sbq/141127705.html?s=sou_sou_soulb&t=0_0
124745323,大数据开发工程师,8千-1.5万,福州,3-4年经验,大专,福建星汉信息科技有限公司,2022-11-06 19:15:35,https://jobs.51job.com/fuzhou/124745323.html?s=sou_sou_soulb&t=0_0
143727332,大数据分析师管培生,8千-1.2万,长春-朝阳区,1年经验,大专,北京智动数联科技有限公司,2022-11-06 04:00:56,https://jobs.51job.com/changchun-cyq/143727332.html?s=sou_sou_soulb&t=0_0
142808178,大数据分析实习生,4.5-6.8千,武汉-武昌区,无需经验,大专,武汉博石创新科技有限公司,2022-11-06 18:51:36,https://jobs.51job.com/wuhan-wcq/142808178.html?s=sou_sou_soulb&t=0_0
141044462,ETL开发（可实习）     ETL大数据开发工程师,7-9千,青岛-市北区,无需经验,高中,青岛资博互动信息技术有限公司,2022-11-06 15:25:36,https://jobs.51job.com/qingdao-sbq/141044462.html?s=sou_sou_soulb&t=0_0
141749492,大数据顾问/年底双薪/朝九晚七不加班底薪4200起,5千-1万·13薪,武汉-洪山区,1年经验,大专,招商信诺人寿保险有限公司,2022-11-06 22:11:59,https://jobs.51job.com/wuhan-hsq/141749492.html?s=sou_sou_soulb&t=0_0
143746987,电气工程大数据分析师,8千-1.2万,天津-滨海新区,1年经验,大专,北京智动数联科技有限公司,2022-11-06 04:00:56,https://jobs.51job.com/tianjin-bhxq/143746987.html?s=sou_sou_soulb&t=0_0
143687528,高级大数据开发工程师,1.5-2万,南宁-青秀区,5-7年经验,本科,广州健新科技有限责任公司,2022-11-06 15:00:01,https://jobs.51job.com/nanning-qxq/143687528.html?s=sou_sou_soulb&t=0_0
139040348,大数据开发工程师,1.8-2.6万,深圳-宝安区,3-4年经验,本科,碧兴物联科技（深圳）股份有限公司,2022-11-06 20:50:44,https://jobs.51job.com/shenzhen-baq/139040348.html?s=sou_sou_soulb&t=0_0
141512749,大数据开发实习生,5-7千·13薪,重庆-渝中区,1年经验,大专,贵州玉珏网络技术服务有限责任公司,2022-11-06 21:39:00,https://jobs.51job.com/chongqing-yzq/141512749.html?s=sou_sou_soulb&t=0_0
143759774,数控编程大数据分析师（可培养）,9千-1.5万,日照,1年经验,大专,北京智动数联科技有限公司,2022-11-06 04:00:56,https://jobs.51job.com/rizhao/143759774.html?s=sou_sou_soulb&t=0_0
137244365,大数据与会计教师,7-10万/年,德阳,2年经验,本科,德阳农业科技职业学院,2022-11-06 17:28:37,https://jobs.51job.com/deyang/137244365.html?s=sou_sou_soulb&t=0_0
128334936,大数据教师,5-8千,西安-长安区,3-4年经验,硕士,西安科技大学高新学院,2022-11-06 17:00:01,https://jobs.51job.com/xian-caq/128334936.html?s=sou_sou_soulb&t=0_0
141101480,大数据运维开发工程师（Kafka集群）_CI,3-5万,上海,,无需经验,博世（中国）投资有限公司,2022-11-06 16:00:07,http://boschchina.51job.com/jobdetail.html?jobid=141101480
143739955,数控编程大数据分析师（可培养）,9千-1.5万,廊坊,1年经验,大专,北京智动数联科技有限公司,2022-11-06 04:00:56,https://jobs.51job.com/langfang/143739955.html?s=sou_sou_soulb&t=0_0
140349388,医疗大数据销售总监,1.5-2.5万,杭州,8-9年经验,大专,杭州医康慧联科技股份有限公司,2022-11-06 17:00:36,https://jobs.51job.com/hangzhou/140349388.html?s=sou_sou_soulb&t=0_0
138655213,大数据分析工程师_BCSC,1.5-2万,无锡,3-4年经验,本科,博世创新软件开发（无锡）有限公司,2022-11-06 16:00:12,http://boschchina.51job.com/jobdetail.html?jobid=138655213
143208116,大数据财务管理专业教师,4-6千,成都-新津县,无需经验,硕士,成都艺术职业大学,2022-11-06 14:30:39,https://jobs.51job.com/chengdu-xjx/143208116.html?s=sou_sou_soulb&t=0_0
143737915,电气工程大数据分析师,8千-1.2万,朔州,1年经验,大专,北京智动数联科技有限公司,2022-11-06 04:00:56,https://jobs.51job.com/shuozhou/143737915.html?s=sou_sou_soulb&t=0_0
140349389,医疗大数据销售总监,1.5-2.5万,杭州,5-7年经验,大专,杭州医康慧联科技股份有限公司,2022-11-06 17:00:36,https://jobs.51job.com/hangzhou/140349389.html?s=sou_sou_soulb&t=0_0
141127825,大数据开发带薪实习,7-9千,青岛-市北区,无需经验,高中,青岛资博互动信息技术有限公司,2022-11-06 15:25:36,https://jobs.51job.com/qingdao-sbq/141127825.html?s=sou_sou_soulb&t=0_0
134552050,软件工程师（云计算、大数据）,15-25万/年,无锡-滨湖区,3-4年经验,本科,无锡先进技术研究院,2022-11-06 18:39:18,http://companyads.51job.com/companyads/2022/wx/wxxj/about31.html?jobid=134552050
143739250,大数据分析师管培生,8千-1.2万,大连,1年经验,大专,北京智动数联科技有限公司,2022-11-06 04:00:56,https://jobs.51job.com/dalian/143739250.html?s=sou_sou_soulb&t=0_0
140973651,大数据信息录入员/7K起,6-9千·13薪,深圳-龙华区,1年经验,本科,深圳市鸢逸科技有限公司,2022-11-06 15:16:20,https://jobs.51job.com/shenzhen-lhq/140973651.html?s=sou_sou_soulb&t=0_0
141044566,大数据高级工程师,7-9千,青岛-市北区,无需经验,高中,青岛资博互动信息技术有限公司,2022-11-06 15:25:36,https://jobs.51job.com/qingdao-sbq/141044566.html?s=sou_sou_soulb&t=0_0
140493070,大数据工程师,1.2-2.4万,昆山,3-4年经验,本科,江苏网进科技股份有限公司,2022-11-06 10:00:01,https://jobs.51job.com/kunshan/140493070.html?s=sou_sou_soulb&t=0_0
143746295,大数据分析师助理,6-8千,泰安,1年经验,大专,北京智动数联科技有限公司,2022-11-06 04:00:56,https://jobs.51job.com/taian/143746295.html?s=sou_sou_soulb&t=0_0
141481930,大数据开发助理,4-8千,贵阳-南明区,,无需经验,贵阳市博越科技有限公司,2022-11-06 13:35:29,https://jobs.51job.com/guiyang-nmq/141481930.html?s=sou_sou_soulb&t=0_0
138453705,大数据与会计,6-8千,德阳,2年经验,本科,德阳农业科技职业学院,2022-11-06 17:28:37,https://jobs.51job.com/deyang/138453705.html?s=sou_sou_soulb&t=0_0
138655147,大数据分析工程师_BCSC,2-2.5万,无锡,,无需经验,博世创新软件开发（无锡）有限公司,2022-11-06 16:00:12,http://boschchina.51job.com/jobdetail.html?jobid=138655147
143737740,工程造价大数据分析师,8千-1.2万,太原,1年经验,大专,北京智动数联科技有限公司,2022-11-06 04:00:56,https://jobs.51job.com/taiyuan/143737740.html?s=sou_sou_soulb&t=0_0
127155680,大数据开发,1.5-2万,武汉-武昌区,3-4年经验,大专,武汉杰才劝学网络科技有限公司,2022-11-06 13:22:26,https://jobs.51job.com/wuhan-wcq/127155680.html?s=sou_sou_soulb&t=0_0
133462539,大数据开发工程师,1.5-2.5万,杭州-萧山区,3-4年经验,大专,浙江绿色慧联有限公司,2022-11-06 13:06:24,https://jobs.51job.com/hangzhou-xsq/133462539.html?s=sou_sou_soulb&t=0_0
140411904,高级大数据工程师,1.5-2.5万·14薪,宁波-北仑区,5-7年经验,硕士,宁波港信息通信有限公司,2022-11-06 09:00:01,https://jobs.51job.com/ningbo-blq/140411904.html?s=sou_sou_soulb&t=0_0
143727507,金融大数据分析师,8千-1.2万,石家庄-长安区,1年经验,大专,北京智动数联科技有限公司,2022-11-06 04:00:56,https://jobs.51job.com/shijiazhuang-caq/143727507.html?s=sou_sou_soulb&t=0_0
141101019,大数据开发工程师,8千-1.5万,北京-海淀区,1年经验,大专,点奇互联（北京）科技有限公司,2022-11-06 08:53:15,https://jobs.51job.com/beijing-hdq/141101019.html?s=sou_sou_soulb&t=0_0
142341993,信息引流人员-大数据挖掘及分析,5千-1万·13薪,南京-鼓楼区,3-4年经验,本科,南京普罗盈工程项目管理有限公司,2022-11-06 16:02:31,https://jobs.51job.com/nanjing-glq/142341993.html?s=sou_sou_soulb&t=0_0
140541627,大数据Hadoop开发工程师,1.3-1.8万,广州-天河区,5-7年经验,本科,广州华景政通信息技术有限公司,2022-11-06 12:10:36,https://jobs.51job.com/guangzhou-thq/140541627.html?s=sou_sou_soulb&t=0_0
143746943,金融大数据分析师,8千-1.2万,天津-津南区,1年经验,大专,北京智动数联科技有限公司,2022-11-06 04:00:56,https://jobs.51job.com/tianjin-jnq/143746943.html?s=sou_sou_soulb&t=0_0
141101026,大数据开发工程师,8千-1.5万,北京-海淀区,1年经验,大专,点奇互联（北京）科技有限公司,2022-11-06 08:53:15,https://jobs.51job.com/beijing-hdq/141101026.html?s=sou_sou_soulb&t=0_0
140044809,大数据开发工程师,8千-1万,青岛,无需经验,本科,青岛腾创信息技术有限公司,2022-11-06 08:49:07,https://jobs.51job.com/qingdao/140044809.html?s=sou_sou_soulb&t=0_0
139679693,时尚大数据开发工程师,1.5-3万,广州-番禺区,3-4年经验,本科,广州市长天品牌管理有限公司,2022-11-06 11:03:56,https://jobs.51job.com/guangzhou-pyq/139679693.html?s=sou_sou_soulb&t=0_0
143738132,机械设计大数据分析师,8千-1.2万,哈尔滨,1年经验,大专,北京智动数联科技有限公司,2022-11-06 04:00:56,https://jobs.51job.com/harbin/143738132.html?s=sou_sou_soulb&t=0_0
141101025,大数据开发工程师,8千-1.5万,北京-海淀区,1年经验,大专,点奇互联（北京）科技有限公司,2022-11-06 08:53:15,https://jobs.51job.com/beijing-hdq/141101025.html?s=sou_sou_soulb&t=0_0
140494020,大数据分析工程师,1-1.2万·15薪,苏州,1年经验,本科,博世汽车部件（苏州）有限公司,2022-11-06 16:00:09,http://boschchina.51job.com/jobdetail.html?jobid=140494020
129828838,产品经理（金融或财务大数据分析方向）,5.5千-1.1万·13薪,金华-婺城区,无需经验,本科,浙江思睿智训科技有限公司,2022-11-06 15:29:36,https://jobs.51job.com/jinhua-wcq/129828838.html?s=sou_sou_soulb&t=0_0
143737785,工程造价大数据分析师,8千-1.2万,呼和浩特,1年经验,大专,北京智动数联科技有限公司,2022-11-06 04:00:56,https://jobs.51job.com/huhhot/143737785.html?s=sou_sou_soulb&t=0_0
134841314,数据仓库高级工程师-网络大数据,2.5-5万,上海,无需经验,本科,字节跳动,2022-11-06 01:26:28,https://jobs.51job.com/shanghai/134841314.html?s=sou_sou_soulb&t=0_0
143206744,大数据开发工程师助理（双休）,5-8千,深圳-宝安区,无需经验,大专,聚友慧众（深圳）咨询有限公司,2022-11-05 10:56:48,https://jobs.51job.com/shenzhen-baq/143206744.html?s=sou_sou_soulb&t=0_0
141997190,大数据处理（五险一金双休）,6千-1万·13薪,长沙-岳麓区,无需经验,本科,深圳市万豪亭科技有限公司,2022-11-05 14:11:25,https://jobs.51job.com/changsha-ylq/141997190.html?s=sou_sou_soulb&t=0_0
141064329,大数据开发工程师,1.8-3.6万·15薪,深圳-龙岗区,3-4年经验,本科,北京聘多多科技有限公司,2022-11-05 10:09:56,https://jobs.51job.com/shenzhen-lgq/141064329.html?s=sou_sou_soulb&t=0_0
134122466,时空大数据开发工程师,2-4万,上海,3-4年经验,本科,字节跳动,2022-11-06 01:25:51,https://jobs.51job.com/shanghai/134122466.html?s=sou_sou_soulb&t=0_0
140600809,渔业大数据工程师,1-1.5万·13薪,宁波-鄞州区,1年经验,本科,宁波渔遥科技有限公司,2022-11-05 09:57:12,https://jobs.51job.com/ningbo-yzq/140600809.html?s=sou_sou_soulb&t=0_0
142078821,大数据开发工程师,15-20万/年,南昌-西湖区,3-4年经验,本科,江西蓝点网络有限公司,2022-11-05 09:41:38,https://jobs.51job.com/nanchang-xhq/142078821.html?s=sou_sou_soulb&t=0_0
140697607,大数据开发工程师,1.2-1.8万,广州-白云区,5-7年经验,大专,北京聘多多科技有限公司,2022-11-05 10:10:14,https://jobs.51job.com/guangzhou-byq/140697607.html?s=sou_sou_soulb&t=0_0
131158422,大数据引擎 专家/架构师/负责人,6-9万,杭州,5-7年经验,本科,字节跳动,2022-11-06 01:23:50,https://jobs.51job.com/hangzhou/131158422.html?s=sou_sou_soulb&t=0_0
142059932,大数据处理助理（双休）,6千-1万·13薪,武汉,无需经验,本科,深圳市万豪亭科技有限公司,2022-11-05 09:12:01,https://jobs.51job.com/wuhan/142059932.html?s=sou_sou_soulb&t=0_0
135444092,大数据分析工程师,7千-1.4万,柳州-柳南区,3-4年经验,本科,柳州市华创汽车设计有限公司,2022-11-05 10:00:01,https://jobs.51job.com/liuzhou-lnq/135444092.html?s=sou_sou_soulb&t=0_0
141151318,高级大数据工程师,2-3万,长沙-望城区,3-4年经验,本科,澳优乳业（中国）有限公司,2022-11-05 09:08:44,https://jobs.51job.com/changsha-wcq/141151318.html?s=sou_sou_soulb&t=0_0
119145630,大数据(高级)研发工程师,3-6万,杭州,5-7年经验,本科,字节跳动,2022-11-06 01:19:59,https://jobs.51job.com/hangzhou/119145630.html?s=sou_sou_soulb&t=0_0
138857163,大数据开发工程师,2.5-4.5万,上海-浦东新区,5-7年经验,本科,广州雅米科技有限公司,2022-11-05 09:11:57,https://jobs.51job.com/shanghai-pdxq/138857163.html?s=sou_sou_soulb&t=0_0
140546648,大数据分析肋理 无经验,5-9千·13薪,深圳-宝安区,无需经验,大专,深圳晟晰信息科技有限公司,2022-11-05 09:03:48,https://jobs.51job.com/shenzhen-baq/140546648.html?s=sou_sou_soulb&t=0_0
142090715,大数据讲师,1.8-2.5万,东莞-樟木头镇,3-4年经验,本科,广东融勤教育科技有限公司,2022-11-05 08:51:28,https://jobs.51job.com/dongguan-zmtz/142090715.html?s=sou_sou_soulb&t=0_0
106765768,大数据平台高级工程师,2-4万,南京,3-4年经验,本科,字节跳动,2022-11-06 01:19:04,https://jobs.51job.com/nanjing/106765768.html?s=sou_sou_soulb&t=0_0
137086468,大数据ETL助理工程师,4.5-6千,石家庄-裕华区,无需经验,大专,河北晨华信息科技有限公司,2022-11-05 09:11:55,https://jobs.51job.com/shijiazhuang-yhq/137086468.html?s=sou_sou_soulb&t=0_0
143414872,大数据分析/数据录入（无经验）,5-9千,深圳-宝安区,无需经验,大专,深圳晟晰信息科技有限公司,2022-11-05 09:03:27,https://jobs.51job.com/shenzhen-baq/143414872.html?s=sou_sou_soulb&t=0_0
141151320,高级大数据工程师,2-3万,长沙-望城区,3-4年经验,本科,澳优乳业（中国）有限公司,2022-11-05 09:08:44,https://jobs.51job.com/changsha-wcq/141151320.html?s=sou_sou_soulb&t=0_0
91585679,大数据平台高级工程师 — 平台产品方向,2-4万,北京,2年经验,本科,字节跳动,2022-11-06 01:18:38,https://jobs.51job.com/beijing/91585679.html?s=sou_sou_soulb&t=0_0
141533772,大数据AI工程师,2-4万,深圳-龙岗区,5-7年经验,硕士,深圳市力胜源电子科技有限公司,2022-11-05 08:27:05,https://jobs.51job.com/shenzhen-lgq/141533772.html?s=sou_sou_soulb&t=0_0
139178579,数据创新工程师 /大数据工程师（深圳招聘）,1.5-2万,深圳-南山区,3-4年经验,本科,东莞市拓能电子科技有限公司,2022-11-05 08:44:29,https://jobs.51job.com/shenzhen-nsq/139178579.html?s=sou_sou_soulb&t=0_0
140744419,大数据分析助理,5-8千·13薪,贵阳-观山湖区,1年经验,大专,贵州欣生泰科技有限公司,2022-11-05 10:55:07,https://jobs.51job.com/guiyang-gshq/140744419.html?s=sou_sou_soulb&t=0_0
137653335,大数据研发工程师,2.5-5万,北京,无需经验,本科,字节跳动,2022-11-06 01:29:47,https://jobs.51job.com/beijing/137653335.html?s=sou_sou_soulb&t=0_0
140944255,应用开发经理 - 大数据方向,2-3万·15薪,上海-普陀区,5-7年经验,本科,中美联泰大都会人寿保险有限公司上海分公司,2022-11-05 07:01:52,https://jobs.51job.com/shanghai-ptq/140944255.html?s=sou_sou_soulb&t=0_0
137394551,大数据平台开发岗(008120),2-4万,深圳-福田区,,3-4年经验,中信银行信用卡中心,2022-11-05 07:01:18,https://jobs.51job.com/shenzhen-ftq/137394551.html?s=sou_sou_soulb&t=0_0
141065262,大数据开发工程师,1.8-3.6万·15薪,上海-浦东新区,3-4年经验,本科,北京聘多多科技有限公司,2022-11-05 10:09:56,https://jobs.51job.com/shanghai-pdxq/141065262.html?s=sou_sou_soulb&t=0_0
136283221,广告大数据研发工程师-营销科学-北京,3.5-5万,北京,3-4年经验,本科,字节跳动,2022-11-06 01:27:33,https://jobs.51job.com/beijing/136283221.html?s=sou_sou_soulb&t=0_0
135442976,大数据应用开发工程师,7千-1.4万,柳州-柳南区,3-4年经验,本科,柳州市华创汽车设计有限公司,2022-11-05 10:00:01,https://jobs.51job.com/liuzhou-lnq/135442976.html?s=sou_sou_soulb&t=0_0
137394761,大数据开发岗(008117),2-4万,深圳-福田区,,3-4年经验,中信银行信用卡中心,2022-11-05 07:01:18,https://jobs.51job.com/shenzhen-ftq/137394761.html?s=sou_sou_soulb&t=0_0
143647197,大数据分析工程师,1-2万,广州-天河区,2年经验,本科,上海言某信息科技有限公司,2022-11-05 04:01:04,https://jobs.51job.com/guangzhou-thq/143647197.html?s=sou_sou_soulb&t=0_0
136260412,后端研发专家/高级工程师-大数据查询服务,4.5-7.5万,杭州,3-4年经验,本科,字节跳动,2022-11-06 01:27:29,https://jobs.51job.com/hangzhou/136260412.html?s=sou_sou_soulb&t=0_0
114616573,大数据运维,1-2万,深圳-龙华区,3-4年经验,本科,广州赛意信息科技股份有限公司,2022-11-05 04:01:04,https://jobs.51job.com/shenzhen-lhq/114616573.html?s=sou_sou_soulb&t=0_0
137531171,大数据系统运维(008221),2.5-4万,深圳-福田区,3-4年经验,本科,中信银行信用卡中心,2022-11-05 07:01:18,https://jobs.51job.com/shenzhen-ftq/137531171.html?s=sou_sou_soulb&t=0_0
141900996,大数据开发工程师,8千-1.6万,南通-崇川区,3-4年经验,本科,江苏幸时代数字科技有限公司,2022-11-05 04:01:04,https://jobs.51job.com/nantong-ccq/141900996.html?s=sou_sou_soulb&t=0_0
134874385,流量大数据高级开发工程师,3-5万,上海,3-4年经验,本科,字节跳动,2022-11-06 01:26:29,https://jobs.51job.com/shanghai/134874385.html?s=sou_sou_soulb&t=0_0
143645645,大数据运维工程师,6-7千,杭州,1年经验,本科,上海新炬网络信息技术股份有限公司,2022-11-05 04:01:04,https://jobs.51job.com/hangzhou/143645645.html?s=sou_sou_soulb&t=0_0
138898762,JAVA开发工程师（大数据和AI中心）,8千-1万·13薪,重庆,5-7年经验,本科,中国电信股份有限公司重庆分公司,2022-11-05 04:00:34,https://jobs.51job.com/chongqing/138898762.html?s=sou_sou_soulb&t=0_0
140029117,大数据开发工程师（银行，周末双休）,1.5-2万,成都-武侯区,3-4年经验,本科,深圳市法本信息技术股份有限公司,2022-11-05 04:01:42,https://jobs.51job.com/chengdu-whq/140029117.html?s=sou_sou_soulb&t=0_0
138959725,架构师/资深技术专家-EMR/大数据云平台,4-6.5万,上海,无需经验,本科,字节跳动,2022-11-06 01:31:15,https://jobs.51job.com/shanghai/138959725.html?s=sou_sou_soulb&t=0_0
142803237,大数据产品经理,1.5-2.5万,深圳-龙岗区,3-4年经验,本科,润得科技（深圳）有限公司,2022-11-05 09:16:03,https://jobs.51job.com/shenzhen-lgq/142803237.html?s=sou_sou_soulb&t=0_0
143517678,大数据开发工程师助理,5-8千,南宁-青秀区,无需经验,大专,贵州开阔科技有限公司,2022-11-05 09:10:53,https://jobs.51job.com/nanning-qxq/143517678.html?s=sou_sou_soulb&t=0_0
138108504,大数据经理,1.5-2.5万,长沙-望城区,5-7年经验,本科,澳优乳业（中国）有限公司,2022-11-05 09:08:53,https://jobs.51job.com/changsha-wcq/138108504.html?s=sou_sou_soulb&t=0_0
131223336,大数据研发高级工程师 — 实验评估方向,3-4万,南京,5-7年经验,本科,字节跳动,2022-11-06 01:23:54,https://jobs.51job.com/nanjing/131223336.html?s=sou_sou_soulb&t=0_0
143417320,大数据分析/档案整员 无经验,5-7千,深圳-宝安区,无需经验,本科,深圳晟晰信息科技有限公司,2022-11-05 09:03:20,https://jobs.51job.com/shenzhen-baq/143417320.html?s=sou_sou_soulb&t=0_0
143452658,大数据分析师助理,6千-1万,广州,无需经验,大专,贵州开阔科技有限公司,2022-11-05 09:08:46,https://jobs.51job.com/guangzhou/143452658.html?s=sou_sou_soulb&t=0_0
141151322,高级大数据工程师,2-3万,长沙-望城区,3-4年经验,本科,澳优乳业（中国）有限公司,2022-11-05 09:08:44,https://jobs.51job.com/changsha-wcq/141151322.html?s=sou_sou_soulb&t=0_0
123193198,大数据开发工程师-流式计算方向,2.5-4.5万,北京,无需经验,本科,字节跳动,2022-11-06 01:20:50,https://jobs.51job.com/beijing/123193198.html?s=sou_sou_soulb&t=0_0
143659357,Java开发工程师-底座研发方向 （大数据和AI中心）,7千-1.3万,重庆,3-4年经验,本科,中国电信股份有限公司重庆分公司,2022-11-05 04:01:04,https://jobs.51job.com/chongqing/143659357.html?s=sou_sou_soulb&t=0_0
138898762,JAVA开发工程师（大数据和AI中心）,8千-1万·13薪,重庆,5-7年经验,本科,中国电信股份有限公司重庆分公司,2022-11-05 04:00:34,https://jobs.51job.com/chongqing/138898762.html?s=sou_sou_soulb&t=0_0
140029117,大数据开发工程师（银行，周末双休）,1.5-2万,成都-武侯区,3-4年经验,本科,深圳市法本信息技术股份有限公司,2022-11-05 04:01:42,https://jobs.51job.com/chengdu-whq/140029117.html?s=sou_sou_soulb&t=0_0
134874385,流量大数据高级开发工程师,3-5万,上海,3-4年经验,本科,字节跳动,2022-11-06 01:26:29,https://jobs.51job.com/shanghai/134874385.html?s=sou_sou_soulb&t=0_0
142803237,大数据产品经理,1.5-2.5万,深圳-龙岗区,3-4年经验,本科,润得科技（深圳）有限公司,2022-11-05 09:16:03,https://jobs.51job.com/shenzhen-lgq/142803237.html?s=sou_sou_soulb&t=0_0
141065262,大数据开发工程师,1.8-3.6万·15薪,上海-浦东新区,3-4年经验,本科,北京聘多多科技有限公司,2022-11-05 10:09:56,https://jobs.51job.com/shanghai-pdxq/141065262.html?s=sou_sou_soulb&t=0_0
143517678,大数据开发工程师助理,5-8千,南宁-青秀区,无需经验,大专,贵州开阔科技有限公司,2022-11-05 09:10:53,https://jobs.51job.com/nanning-qxq/143517678.html?s=sou_sou_soulb&t=0_0
111264501,流媒体大数据工程师,2.5-5万,北京,3-4年经验,本科,字节跳动,2022-11-06 01:19:19,https://jobs.51job.com/beijing/111264501.html?s=sou_sou_soulb&t=0_0
138108504,大数据经理,1.5-2.5万,长沙-望城区,5-7年经验,本科,澳优乳业（中国）有限公司,2022-11-05 09:08:53,https://jobs.51job.com/changsha-wcq/138108504.html?s=sou_sou_soulb&t=0_0
143417320,大数据分析/档案整员 无经验,5-7千,深圳-宝安区,无需经验,本科,深圳晟晰信息科技有限公司,2022-11-05 09:03:20,https://jobs.51job.com/shenzhen-baq/143417320.html?s=sou_sou_soulb&t=0_0
143452658,大数据分析师助理,6千-1万,广州,无需经验,大专,贵州开阔科技有限公司,2022-11-05 09:08:46,https://jobs.51job.com/guangzhou/143452658.html?s=sou_sou_soulb&t=0_0
142530966,Spark SQL 开源大数据系统架构师/负责人,5.5-8.5万,上海,5-7年经验,本科,字节跳动,2022-11-06 01:34:45,https://jobs.51job.com/shanghai/142530966.html?s=sou_sou_soulb&t=0_0
143647197,大数据分析工程师,1-2万,广州-天河区,2年经验,本科,上海言某信息科技有限公司,2022-11-05 04:01:04,https://jobs.51job.com/guangzhou-thq/143647197.html?s=sou_sou_soulb&t=0_0
141151322,高级大数据工程师,2-3万,长沙-望城区,3-4年经验,本科,澳优乳业（中国）有限公司,2022-11-05 09:08:44,https://jobs.51job.com/changsha-wcq/141151322.html?s=sou_sou_soulb&t=0_0
143516018,大数据开发工程师助理,8千-1.2万,深圳-宝安区,无需经验,大专,贵州开阔科技有限公司,2022-11-05 09:10:53,https://jobs.51job.com/shenzhen-baq/143516018.html?s=sou_sou_soulb&t=0_0
138959725,架构师/资深技术专家-EMR/大数据云平台,4-6.5万,上海,无需经验,本科,字节跳动,2022-11-06 01:31:15,https://jobs.51job.com/shanghai/138959725.html?s=sou_sou_soulb&t=0_0
143659357,Java开发工程师-底座研发方向 （大数据和AI中心）,7千-1.3万,重庆,3-4年经验,本科,中国电信股份有限公司重庆分公司,2022-11-05 04:01:04,https://jobs.51job.com/chongqing/143659357.html?s=sou_sou_soulb&t=0_0
141151319,高级大数据工程师,2-3万,长沙-望城区,3-4年经验,本科,澳优乳业（中国）有限公司,2022-11-05 09:08:44,https://jobs.51job.com/changsha-wcq/141151319.html?s=sou_sou_soulb&t=0_0
143250469,大数据分析工程师,1.5-3万,上海-浦东新区,3-4年经验,本科,利宏科技（上海）有限公司,2022-11-05 04:01:04,https://jobs.51job.com/shanghai-pdxq/143250469.html?s=sou_sou_soulb&t=0_0
131223336,大数据研发高级工程师 — 实验评估方向,3-4万,南京,5-7年经验,本科,字节跳动,2022-11-06 01:23:54,https://jobs.51job.com/nanjing/131223336.html?s=sou_sou_soulb&t=0_0
138896959,大数据治理工程师（大数据和AI中心）,1-1.5万,重庆,2年经验,本科,中国电信股份有限公司重庆分公司,2022-11-05 04:00:34,https://jobs.51job.com/chongqing/138896959.html?s=sou_sou_soulb&t=0_0
133130939,大数据工程师MJ000085,1.5-2.1万,成都,2年经验,本科,中国电子科技网络信息安全有限公司,2022-11-05 04:01:04,https://jobs.51job.com/chengdu/133130939.html?s=sou_sou_soulb&t=0_0
123648322,大数据开发工程师,8千-1.2万,郑州-高新区,2年经验,本科,河南辉煌科技股份有限公司,2022-11-05 04:01:04,https://jobs.51job.com/zhengzhou-gxq/123648322.html?s=sou_sou_soulb&t=0_0
130322984,大数据架构师-电商,4-7万,杭州,5-7年经验,本科,字节跳动,2022-11-06 01:21:52,https://jobs.51job.com/hangzhou/130322984.html?s=sou_sou_soulb&t=0_0
141835137,大数据分析师（接受应届）,8千-1.2万,晋城,1年经验,大专,深圳市白牛贸易有限公司,2022-11-04 17:51:38,https://jobs.51job.com/jincheng/141835137.html?s=sou_sou_soulb&t=0_0
141722737,数控编程大数据分析师（可培养）,8千-1万,天津,1年经验,大专,深圳市以盛物业有限公司,2022-11-04 17:50:52,https://jobs.51job.com/tianjin/141722737.html?s=sou_sou_soulb&t=0_0
137635048,大数据分析师（接受应届）,8千-1万,天津-和平区,无需经验,大专,北京碰碰简聘网络技术有限公司,2022-11-04 17:50:14,https://jobs.51job.com/tianjin-hpq/137635048.html?s=sou_sou_soulb&t=0_0
137145150,大数据交付保障专家-火山引擎,5-8万,杭州,5-7年经验,本科,字节跳动,2022-11-06 01:28:50,https://jobs.51job.com/hangzhou/137145150.html?s=sou_sou_soulb&t=0_0
141841699,大数据分析师,8千-1.2万,运城,1年经验,大专,深圳市白牛贸易有限公司,2022-11-04 17:51:16,https://jobs.51job.com/yuncheng/141841699.html?s=sou_sou_soulb&t=0_0
141729234,大数据分析师,8千-1.2万,天津-红桥区,1年经验,大专,深圳市以盛物业有限公司,2022-11-04 17:50:44,https://jobs.51job.com/tianjin-hqq/141729234.html?s=sou_sou_soulb&t=0_0
137649217,大数据分析师,8千-1万,天津-河北区,无需经验,大专,北京碰碰简聘网络技术有限公司,2022-11-04 17:50:14,https://jobs.51job.com/tianjin-hbq/137649217.html?s=sou_sou_soulb&t=0_0
136711316,大数据开发工程师（实时通信）,2-4万,上海,3-4年经验,本科,字节跳动,2022-11-06 01:28:14,https://jobs.51job.com/shanghai/136711316.html?s=sou_sou_soulb&t=0_0
141841798,大数据分析师,8千-1.2万,大同,1年经验,大专,深圳市白牛贸易有限公司,2022-11-04 17:51:16,https://jobs.51job.com/datong/141841798.html?s=sou_sou_soulb&t=0_0
141740225,自动化大数据分析师,6-8千,北京-石景山区,1年经验,大专,深圳市以盛物业有限公司,2022-11-04 17:50:44,https://jobs.51job.com/beijing-sjsq/141740225.html?s=sou_sou_soulb&t=0_0
137635116,大数据分析师（可培养）,8千-1万,天津-河东区,无需经验,大专,北京碰碰简聘网络技术有限公司,2022-11-04 17:50:14,https://jobs.51job.com/tianjin-hdq/137635116.html?s=sou_sou_soulb&t=0_0
135361068,大数据测试开发工程师-抖音直播,2.5-5万,北京,无需经验,本科,字节跳动,2022-11-06 01:26:45,https://jobs.51job.com/beijing/135361068.html?s=sou_sou_soulb&t=0_0
143652140,大数据工程师（实习生）,3千及以下,广州-天河区,无需经验,本科,上海言某信息科技有限公司,2022-11-05 04:01:04,https://jobs.51job.com/guangzhou-thq/143652140.html?s=sou_sou_soulb&t=0_0
141738633,自动化大数据分析师,6-8千,北京,1年经验,大专,深圳市以盛物业有限公司,2022-11-04 17:50:44,https://jobs.51job.com/beijing/141738633.html?s=sou_sou_soulb&t=0_0
137831975,大数据分析师,1.5-2千,北京-东城区,1年经验,大专,北京碰碰简聘网络技术有限公司,2022-11-04 17:50:07,https://jobs.51job.com/beijing-dcq/137831975.html?s=sou_sou_soulb&t=0_0
134217693,数据开发工程师-流量大数据,3-5万,杭州,3-4年经验,本科,字节跳动,2022-11-06 01:25:55,https://jobs.51job.com/hangzhou/134217693.html?s=sou_sou_soulb&t=0_0
143236146,大数据开发高级工程师,2.5-5万,广州,2年经验,本科,广东伟兴信息技术有限公司,2022-11-05 04:01:04,https://jobs.51job.com/guangzhou/143236146.html?s=sou_sou_soulb&t=0_0
141728584,急聘设备管理大数据分析师,8千-1万,石家庄-裕华区,1年经验,大专,深圳市以盛物业有限公司,2022-11-04 17:50:44,https://jobs.51job.com/shijiazhuang-yhq/141728584.html?s=sou_sou_soulb&t=0_0
137832281,大数据分析师,1.5-2千,北京-朝阳区,无需经验,大专,北京碰碰简聘网络技术有限公司,2022-11-04 17:50:07,https://jobs.51job.com/beijing-cyq/137832281.html?s=sou_sou_soulb&t=0_0
134113843,大数据测试工程师,1-2万,北京,2年经验,本科,字节跳动,2022-11-06 01:25:51,https://jobs.51job.com/beijing/134113843.html?s=sou_sou_soulb&t=0_0
140877506,大数据老师,1.2-2万,镇江-润州区,3-4年经验,本科,无锡极客信息技术有限公司,2022-11-04 17:25:17,https://jobs.51job.com/zhenjiang-rzq/140877506.html?s=sou_sou_soulb&t=0_0
141748526,金融大数据分析师,8千-1.2万,太原-迎泽区,1年经验,大专,深圳市以盛物业有限公司,2022-11-04 17:50:36,https://jobs.51job.com/taiyuan-yzq/141748526.html?s=sou_sou_soulb&t=0_0
138327032,大数据分析师,0.8-1万,晋中,无需经验,大专,北京碰碰简聘网络技术有限公司,2022-11-04 17:49:24,https://jobs.51job.com/jinzhong/138327032.html?s=sou_sou_soulb&t=0_0
136790082,大数据存储研发工程师,3-6万,上海,3-4年经验,本科,字节跳动,2022-11-06 01:28:18,https://jobs.51job.com/shanghai/136790082.html?s=sou_sou_soulb&t=0_0
136554221,大数据开发工程师,1-1.5万,深圳-龙华区,2年经验,本科,广州赛意信息科技股份有限公司,2022-11-05 04:00:34,https://jobs.51job.com/shenzhen-lhq/136554221.html?s=sou_sou_soulb&t=0_0
141741245,大数据分析师,8千-1.2万,石家庄,1年经验,大专,深圳市以盛物业有限公司,2022-11-04 17:50:36,https://jobs.51job.com/shijiazhuang/141741245.html?s=sou_sou_soulb&t=0_0
138326021,大数据分析师,0.8-1万,北京-海淀区,无需经验,大专,北京碰碰简聘网络技术有限公司,2022-11-04 17:49:24,https://jobs.51job.com/beijing-hdq/138326021.html?s=sou_sou_soulb&t=0_0
141843258,大数据分析师,8千-1.2万,沧州,1年经验,大专,深圳市白牛贸易有限公司,2022-11-04 17:51:16,https://jobs.51job.com/cangzhou/141843258.html?s=sou_sou_soulb&t=0_0
141730017,环境工程大数据分析师,8千-1万,晋中,1年经验,大专,深圳市以盛物业有限公司,2022-11-04 17:50:44,https://jobs.51job.com/jinzhong/141730017.html?s=sou_sou_soulb&t=0_0
137833621,大数据分析师（接受应届）,1.5-2千,北京-通州区,无需经验,大专,北京碰碰简聘网络技术有限公司,2022-11-04 17:50:07,https://jobs.51job.com/beijing-tzq/137833621.html?s=sou_sou_soulb&t=0_0
131189104,前端开发工程师 — 大数据,2-4万,上海,3-4年经验,本科,字节跳动,2022-11-06 01:19:13,https://jobs.51job.com/shanghai/131189104.html?s=sou_sou_soulb&t=0_0
141841300,大数据分析师（可培养）,8千-1.2万,天津-河东区,1年经验,大专,深圳市白牛贸易有限公司,2022-11-04 17:51:16,https://jobs.51job.com/tianjin-hdq/141841300.html?s=sou_sou_soulb&t=0_0
141729530,金融大数据分析师,8千-1.2万,天津-南开区,1年经验,大专,深圳市以盛物业有限公司,2022-11-04 17:50:44,https://jobs.51job.com/tianjin-nkq/141729530.html?s=sou_sou_soulb&t=0_0
138327158,大数据分析师,0.8-1万,吕梁,无需经验,大专,北京碰碰简聘网络技术有限公司,2022-11-04 17:49:24,https://jobs.51job.com/lvliang/138327158.html?s=sou_sou_soulb&t=0_0
98114636,大数据研发工程师 — 产品运营方向,2-4万,北京,2年经验,本科,字节跳动,2022-11-06 01:18:41,https://jobs.51job.com/beijing/98114636.html?s=sou_sou_soulb&t=0_0
141842119,大数据分析师,8千-1.2万,忻州,1年经验,大专,深圳市白牛贸易有限公司,2022-11-04 17:51:16,https://jobs.51job.com/xinzhou/141842119.html?s=sou_sou_soulb&t=0_0
141728505,急聘设备管理大数据分析师,8千-1万,天津-和平区,1年经验,大专,深圳市以盛物业有限公司,2022-11-04 17:50:44,https://jobs.51job.com/tianjin-hpq/141728505.html?s=sou_sou_soulb&t=0_0
138326561,大数据分析师,0.8-1万,太原-迎泽区,无需经验,大专,北京碰碰简聘网络技术有限公司,2022-11-04 17:49:24,https://jobs.51job.com/taiyuan-yzq/138326561.html?s=sou_sou_soulb&t=0_0
138959725,架构师/资深技术专家-EMR/大数据云平台,4-6.5万,上海,无需经验,本科,字节跳动,2022-11-06 01:31:15,https://jobs.51job.com/shanghai/138959725.html?s=sou_sou_soulb&t=0_0
138793705,Java大数据开发工程师,1.2-1.8万,上海-嘉定区,,3-4年经验,上海天涛网络科技有限公司,2022-11-04 18:16:08,https://jobs.51job.com/shanghai-jdq/138793705.html?s=sou_sou_soulb&t=0_0
141739173,地质工程大数据分析师,8千-1万,北京,1年经验,大专,深圳市以盛物业有限公司,2022-11-04 17:50:44,https://jobs.51job.com/beijing/141739173.html?s=sou_sou_soulb&t=0_0
138326741,大数据分析师,0.8-1万,临汾,无需经验,大专,北京碰碰简聘网络技术有限公司,2022-11-04 17:49:24,https://jobs.51job.com/linfen/138326741.html?s=sou_sou_soulb&t=0_0
137145150,大数据交付保障专家-火山引擎,5-8万,杭州,5-7年经验,本科,字节跳动,2022-11-06 01:28:50,https://jobs.51job.com/hangzhou/137145150.html?s=sou_sou_soulb&t=0_0
139877905,WWTYS-大数据机器学习工程师,2-3万,郑州-中原区,2年经验,本科,上海天涛网络科技有限公司,2022-11-04 18:16:08,https://jobs.51job.com/zhongyuanqu/139877905.html?s=sou_sou_soulb&t=0_0
141728796,环境工程大数据分析师,8千-1万,承德,1年经验,大专,深圳市以盛物业有限公司,2022-11-04 17:50:44,https://jobs.51job.com/chengde/141728796.html?s=sou_sou_soulb&t=0_0
138326084,大数据分析师,0.8-1万,北京-丰台区,无需经验,大专,北京碰碰简聘网络技术有限公司,2022-11-04 17:49:24,https://jobs.51job.com/beijing-ftq/138326084.html?s=sou_sou_soulb&t=0_0
136711316,大数据开发工程师（实时通信）,2-4万,上海,3-4年经验,本科,字节跳动,2022-11-06 01:28:14,https://jobs.51job.com/shanghai/136711316.html?s=sou_sou_soulb&t=0_0
139877906,WWTYS-大数据机器学习工程师,2-3万,郑州-中原区,2年经验,本科,上海天涛网络科技有限公司,2022-11-04 18:16:08,https://jobs.51job.com/zhongyuanqu/139877906.html?s=sou_sou_soulb&t=0_0
141747565,大数据分析师,8千-1.2万,邢台,1年经验,大专,深圳市以盛物业有限公司,2022-11-04 17:50:36,https://jobs.51job.com/xingtai/141747565.html?s=sou_sou_soulb&t=0_0
138327124,大数据分析师,0.8-1万,忻州,无需经验,大专,北京碰碰简聘网络技术有限公司,2022-11-04 17:49:24,https://jobs.51job.com/xinzhou/138327124.html?s=sou_sou_soulb&t=0_0
135361068,大数据测试开发工程师-抖音直播,2.5-5万,北京,无需经验,本科,字节跳动,2022-11-06 01:26:45,https://jobs.51job.com/beijing/135361068.html?s=sou_sou_soulb&t=0_0
143391122,AI与大数据分析工程师,40-80万/年,北京,3-4年经验,硕士,北京移动,2022-11-04 17:40:54,https://jobs.51job.com/beijing/143391122.html?s=sou_sou_soulb&t=0_0
141750870,数控编程大数据分析师（可培养）,8千-1万,北京,1年经验,大专,深圳市以盛物业有限公司,2022-11-04 17:50:36,https://jobs.51job.com/beijing/141750870.html?s=sou_sou_soulb&t=0_0
138326058,大数据分析师,0.8-1万,北京-石景山区,无需经验,大专,北京碰碰简聘网络技术有限公司,2022-11-04 17:49:24,https://jobs.51job.com/beijing-sjsq/138326058.html?s=sou_sou_soulb&t=0_0
134217693,数据开发工程师-流量大数据,3-5万,杭州,3-4年经验,本科,字节跳动,2022-11-06 01:25:55,https://jobs.51job.com/hangzhou/134217693.html?s=sou_sou_soulb&t=0_0
140248440,大数据研究员,1.5-3万,上海-杨浦区,3-4年经验,硕士,上海城建信息科技有限公司,2022-11-04 17:58:11,https://jobs.51job.com/shanghai-ypq/140248440.html?s=sou_sou_soulb&t=0_0
141748960,金融大数据分析师,8千-1.2万,天津,1年经验,大专,深圳市以盛物业有限公司,2022-11-04 17:50:36,https://jobs.51job.com/tianjin/141748960.html?s=sou_sou_soulb&t=0_0
141835421,大数据分析师（接受应届）,8千-1.2万,运城,1年经验,大专,深圳市白牛贸易有限公司,2022-11-04 17:51:31,https://jobs.51job.com/yuncheng/141835421.html?s=sou_sou_soulb&t=0_0
134113843,大数据测试工程师,1-2万,北京,2年经验,本科,字节跳动,2022-11-06 01:25:51,https://jobs.51job.com/beijing/134113843.html?s=sou_sou_soulb&t=0_0
138325713,大数据分析师,0.8-1万,天津-和平区,无需经验,大专,北京碰碰简聘网络技术有限公司,2022-11-04 17:49:32,https://jobs.51job.com/tianjin-hpq/138325713.html?s=sou_sou_soulb&t=0_0
141818567,地质工程大数据分析师,7-9千,延安,1年经验,大专,深圳市以盛物业有限公司,2022-11-04 17:50:28,https://jobs.51job.com/yanan/141818567.html?s=sou_sou_soulb&t=0_0
141841354,大数据分析师,8千-1.2万,天津-河西区,1年经验,大专,深圳市白牛贸易有限公司,2022-11-04 17:51:16,https://jobs.51job.com/tianjin-hxq/141841354.html?s=sou_sou_soulb&t=0_0
133368076,平台开发工程师-流量大数据,2.5-5万,杭州,无需经验,本科,字节跳动,2022-11-06 01:25:12,https://jobs.51job.com/hangzhou/133368076.html?s=sou_sou_soulb&t=0_0
138326892,大数据分析师,0.8-1万,阳泉,无需经验,大专,北京碰碰简聘网络技术有限公司,2022-11-04 17:49:24,https://jobs.51job.com/yangquan/138326892.html?s=sou_sou_soulb&t=0_0
141753808,大数据分析师,8千-1.2万,北京,1年经验,大专,深圳市以盛物业有限公司,2022-11-04 17:50:28,https://jobs.51job.com/beijing/141753808.html?s=sou_sou_soulb&t=0_0
141843113,大数据分析师,8千-1.2万,保定,1年经验,大专,深圳市白牛贸易有限公司,2022-11-04 17:51:16,https://jobs.51job.com/baoding/141843113.html?s=sou_sou_soulb&t=0_0
143515556,大数据测试工程师,1-2万,深圳,2年经验,本科,字节跳动,2022-11-06 01:25:11,https://jobs.51job.com/shenzhen/143515556.html?s=sou_sou_soulb&t=0_0
138326783,大数据分析师,0.8-1万,长治,无需经验,大专,北京碰碰简聘网络技术有限公司,2022-11-04 17:49:24,https://jobs.51job.com/changzhi/138326783.html?s=sou_sou_soulb&t=0_0
141724885,机械设计大数据分析师,8千-1万,朔州,1年经验,大专,深圳市以盛物业有限公司,2022-11-04 17:50:52,https://jobs.51job.com/shuozhou/141724885.html?s=sou_sou_soulb&t=0_0
141835267,大数据分析师（接受应届）,8千-1.2万,临汾,1年经验,大专,深圳市白牛贸易有限公司,2022-11-04 17:51:38,https://jobs.51job.com/linfen/141835267.html?s=sou_sou_soulb&t=0_0
133030327,大数据研发工程师-基础数仓方向,3-8万,北京,无需经验,本科,字节跳动,2022-11-06 01:24:58,https://jobs.51job.com/beijing/133030327.html?s=sou_sou_soulb&t=0_0
138325913,大数据分析师,0.8-1万,北京-通州区,无需经验,大专,北京碰碰简聘网络技术有限公司,2022-11-04 17:49:24,https://jobs.51job.com/beijing-tzq/138325913.html?s=sou_sou_soulb&t=0_0
141731779,数控编程大数据分析师（可培养）,8千-1万,石家庄-藁城区,1年经验,大专,深圳市以盛物业有限公司,2022-11-04 17:50:44,https://jobs.51job.com/shijiazhuang-gcq/141731779.html?s=sou_sou_soulb&t=0_0
141841920,大数据分析师,8千-1.2万,太原-迎泽区,1年经验,大专,深圳市白牛贸易有限公司,2022-11-04 17:51:16,https://jobs.51job.com/taiyuan-yzq/141841920.html?s=sou_sou_soulb&t=0_0
141791821,高级大数据测试开发工程师-广告系统,3-6万,上海,3-4年经验,本科,字节跳动,2022-11-06 01:23:42,https://jobs.51job.com/shanghai/141791821.html?s=sou_sou_soulb&t=0_0
137649546,大数据分析师（接受应届）,8千-1万,天津-红桥区,无需经验,大专,北京碰碰简聘网络技术有限公司,2022-11-04 17:50:14,https://jobs.51job.com/tianjin-hqq/137649546.html?s=sou_sou_soulb&t=0_0
141738768,机械设计大数据分析师,8千-1万,石家庄,1年经验,大专,深圳市以盛物业有限公司,2022-11-04 17:50:44,https://jobs.51job.com/shijiazhuang/141738768.html?s=sou_sou_soulb&t=0_0
137737401,大数据研发工程师-非中广告数据,4-6万,上海,3-4年经验,本科,字节跳动,2022-11-06 01:19:18,https://jobs.51job.com/shanghai/137737401.html?s=sou_sou_soulb&t=0_0
141834801,大数据分析师（接受应届）,8千-1.2万,忻州,1年经验,大专,深圳市白牛贸易有限公司,2022-11-04 17:51:38,https://jobs.51job.com/xinzhou/141834801.html?s=sou_sou_soulb&t=0_0
141728505,急聘设备管理大数据分析师,8千-1万,天津-和平区,1年经验,大专,深圳市以盛物业有限公司,2022-11-04 17:50:44,https://jobs.51job.com/tianjin-hpq/141728505.html?s=sou_sou_soulb&t=0_0
138327158,大数据分析师,0.8-1万,吕梁,无需经验,大专,北京碰碰简聘网络技术有限公司,2022-11-04 17:49:24,https://jobs.51job.com/lvliang/138327158.html?s=sou_sou_soulb&t=0_0
131189104,前端开发工程师 — 大数据,2-4万,上海,3-4年经验,本科,字节跳动,2022-11-06 01:19:13,https://jobs.51job.com/shanghai/131189104.html?s=sou_sou_soulb&t=0_0
141835455,大数据分析师（接受应届）,8千-1.2万,太原-迎泽区,1年经验,大专,深圳市白牛贸易有限公司,2022-11-04 17:51:31,https://jobs.51job.com/taiyuan-yzq/141835455.html?s=sou_sou_soulb&t=0_0
141739173,地质工程大数据分析师,8千-1万,北京,1年经验,大专,深圳市以盛物业有限公司,2022-11-04 17:50:44,https://jobs.51job.com/beijing/141739173.html?s=sou_sou_soulb&t=0_0
138326561,大数据分析师,0.8-1万,太原-迎泽区,无需经验,大专,北京碰碰简聘网络技术有限公司,2022-11-04 17:49:24,https://jobs.51job.com/taiyuan-yzq/138326561.html?s=sou_sou_soulb&t=0_0
98114636,大数据研发工程师 — 产品运营方向,2-4万,北京,2年经验,本科,字节跳动,2022-11-06 01:18:41,https://jobs.51job.com/beijing/98114636.html?s=sou_sou_soulb&t=0_0
141843313,大数据分析师,8千-1.2万,邢台,1年经验,大专,深圳市白牛贸易有限公司,2022-11-04 17:51:16,https://jobs.51job.com/xingtai/141843313.html?s=sou_sou_soulb&t=0_0
141728796,环境工程大数据分析师,8千-1万,承德,1年经验,大专,深圳市以盛物业有限公司,2022-11-04 17:50:44,https://jobs.51job.com/chengde/141728796.html?s=sou_sou_soulb&t=0_0
138326741,大数据分析师,0.8-1万,临汾,无需经验,大专,北京碰碰简聘网络技术有限公司,2022-11-04 17:49:24,https://jobs.51job.com/linfen/138326741.html?s=sou_sou_soulb&t=0_0
138959725,架构师/资深技术专家-EMR/大数据云平台,4-6.5万,上海,无需经验,本科,字节跳动,2022-11-06 01:31:15,https://jobs.51job.com/shanghai/138959725.html?s=sou_sou_soulb&t=0_0
141842200,大数据分析师,8千-1.2万,廊坊,1年经验,大专,深圳市白牛贸易有限公司,2022-11-04 17:51:16,https://jobs.51job.com/langfang/141842200.html?s=sou_sou_soulb&t=0_0
141747565,大数据分析师,8千-1.2万,邢台,1年经验,大专,深圳市以盛物业有限公司,2022-11-04 17:50:36,https://jobs.51job.com/xingtai/141747565.html?s=sou_sou_soulb&t=0_0
138326084,大数据分析师,0.8-1万,北京-丰台区,无需经验,大专,北京碰碰简聘网络技术有限公司,2022-11-04 17:49:24,https://jobs.51job.com/beijing-ftq/138326084.html?s=sou_sou_soulb&t=0_0
137145150,大数据交付保障专家-火山引擎,5-8万,杭州,5-7年经验,本科,字节跳动,2022-11-06 01:28:50,https://jobs.51job.com/hangzhou/137145150.html?s=sou_sou_soulb&t=0_0
135099367,大数据开发工程师,6-8千,南京,无需经验,大专,上海宽宝信息科技有限公司,2022-11-04 14:59:56,https://jobs.51job.com/nanjing/135099367.html?s=sou_sou_soulb&t=0_0
141750870,数控编程大数据分析师（可培养）,8千-1万,北京,1年经验,大专,深圳市以盛物业有限公司,2022-11-04 17:50:36,https://jobs.51job.com/beijing/141750870.html?s=sou_sou_soulb&t=0_0
138327124,大数据分析师,0.8-1万,忻州,无需经验,大专,北京碰碰简聘网络技术有限公司,2022-11-04 17:49:24,https://jobs.51job.com/xinzhou/138327124.html?s=sou_sou_soulb&t=0_0
136711316,大数据开发工程师（实时通信）,2-4万,上海,3-4年经验,本科,字节跳动,2022-11-06 01:28:14,https://jobs.51job.com/shanghai/136711316.html?s=sou_sou_soulb&t=0_0
141841426,大数据分析师,8千-1.2万,天津-河北区,1年经验,大专,深圳市白牛贸易有限公司,2022-11-04 17:51:16,https://jobs.51job.com/tianjin-hbq/141841426.html?s=sou_sou_soulb&t=0_0
141748960,金融大数据分析师,8千-1.2万,天津,1年经验,大专,深圳市以盛物业有限公司,2022-11-04 17:50:36,https://jobs.51job.com/tianjin/141748960.html?s=sou_sou_soulb&t=0_0
138326058,大数据分析师,0.8-1万,北京-石景山区,无需经验,大专,北京碰碰简聘网络技术有限公司,2022-11-04 17:49:24,https://jobs.51job.com/beijing-sjsq/138326058.html?s=sou_sou_soulb&t=0_0
135361068,大数据测试开发工程师-抖音直播,2.5-5万,北京,无需经验,本科,字节跳动,2022-11-06 01:26:45,https://jobs.51job.com/beijing/135361068.html?s=sou_sou_soulb&t=0_0
82406770,搜索引擎开发工程师(大数据人工智能产品)(TJ0011),2-2.5万,上海-浦东新区,3-4年经验,本科,万得信息技术股份有限公司（Wind资讯）,2022-11-04 15:23:19,https://jobs.51job.com/shanghai-pdxq/82406770.html?s=sou_sou_soulb&t=0_0
141818567,地质工程大数据分析师,7-9千,延安,1年经验,大专,深圳市以盛物业有限公司,2022-11-04 17:50:28,https://jobs.51job.com/yanan/141818567.html?s=sou_sou_soulb&t=0_0
138325808,大数据分析师,0.8-1万,北京-怀柔区,无需经验,大专,北京碰碰简聘网络技术有限公司,2022-11-04 17:49:32,https://jobs.51job.com/beijing-hrq/138325808.html?s=sou_sou_soulb&t=0_0
134217693,数据开发工程师-流量大数据,3-5万,杭州,3-4年经验,本科,字节跳动,2022-11-06 01:25:55,https://jobs.51job.com/hangzhou/134217693.html?s=sou_sou_soulb&t=0_0
77612920,大数据算法工程师(TB0001),2-2.5万,上海-浦东新区,2年经验,本科,万得信息技术股份有限公司（Wind资讯）,2022-11-04 15:23:19,https://jobs.51job.com/shanghai-pdxq/77612920.html?s=sou_sou_soulb&t=0_0
141753808,大数据分析师,8千-1.2万,北京,1年经验,大专,深圳市以盛物业有限公司,2022-11-04 17:50:28,https://jobs.51job.com/beijing/141753808.html?s=sou_sou_soulb&t=0_0
138325777,大数据分析师,0.8-1万,北京-密云区,无需经验,大专,北京碰碰简聘网络技术有限公司,2022-11-04 17:49:32,https://jobs.51job.com/beijing-myq/138325777.html?s=sou_sou_soulb&t=0_0
134113843,大数据测试工程师,1-2万,北京,2年经验,本科,字节跳动,2022-11-06 01:25:51,https://jobs.51job.com/beijing/134113843.html?s=sou_sou_soulb&t=0_0
139350127,大数据开发工程师（居家办公）,8千-1.3万,上海-浦东新区,3-4年经验,大专,湖北天天数链技术有限公司,2022-11-04 15:15:58,https://jobs.51job.com/shanghai-pdxq/139350127.html?s=sou_sou_soulb&t=0_0
141721829,数控编程大数据分析师（可培养）,8千-1万,北京,1年经验,大专,深圳市以盛物业有限公司,2022-11-04 17:50:52,https://jobs.51job.com/beijing/141721829.html?s=sou_sou_soulb&t=0_0
138326182,大数据分析师,0.8-1万,廊坊,无需经验,大专,北京碰碰简聘网络技术有限公司,2022-11-04 17:49:24,https://jobs.51job.com/langfang/138326182.html?s=sou_sou_soulb&t=0_0
133368076,平台开发工程师-流量大数据,2.5-5万,杭州,无需经验,本科,字节跳动,2022-11-06 01:25:12,https://jobs.51job.com/hangzhou/133368076.html?s=sou_sou_soulb&t=0_0
133474446,大数据开发工程师,1.2-1.8万,深圳-南山区,2年经验,大专,深圳市正信软件有限公司,2022-11-04 14:36:39,https://jobs.51job.com/shenzhen-nsq/133474446.html?s=sou_sou_soulb&t=0_0
141739313,材料工程大数据分析师,8千-1万,北京,1年经验,大专,深圳市以盛物业有限公司,2022-11-04 17:50:44,https://jobs.51job.com/beijing/141739313.html?s=sou_sou_soulb&t=0_0
138326698,大数据分析师,0.8-1万,大同,无需经验,大专,北京碰碰简聘网络技术有限公司,2022-11-04 17:49:24,https://jobs.51job.com/datong/138326698.html?s=sou_sou_soulb&t=0_0
143515556,大数据测试工程师,1-2万,深圳,2年经验,本科,字节跳动,2022-11-06 01:25:11,https://jobs.51job.com/shenzhen/143515556.html?s=sou_sou_soulb&t=0_0
143255162,数据分析师（大数据处理与分析）,1-1.5万,上海-黄浦区,2年经验,本科,任拓数据科技（上海）有限公司,2022-11-04 15:07:39,https://jobs.51job.com/shanghai-hpq/143255162.html?s=sou_sou_soulb&t=0_0
141729062,地质工程大数据分析师,8千-1万,太原,1年经验,大专,深圳市以盛物业有限公司,2022-11-04 17:50:44,https://jobs.51job.com/taiyuan/141729062.html?s=sou_sou_soulb&t=0_0
138486843,大数据分析师（接受应届）,0.8-1万,运城,无需经验,大专,北京碰碰简聘网络技术有限公司,2022-11-04 17:49:06,https://jobs.51job.com/yuncheng/138486843.html?s=sou_sou_soulb&t=0_0
133030327,大数据研发工程师-基础数仓方向,3-8万,北京,无需经验,本科,字节跳动,2022-11-06 01:24:58,https://jobs.51job.com/beijing/133030327.html?s=sou_sou_soulb&t=0_0
132509012,大数据开发工程师,6-8千,苏州,无需经验,大专,羿武科技（上海）有限公司,2022-11-04 14:58:14,https://jobs.51job.com/suzhou/132509012.html?s=sou_sou_soulb&t=0_0
141741327,工程造价大数据分析师,8千-1万,运城,1年经验,大专,深圳市以盛物业有限公司,2022-11-04 17:50:36,https://jobs.51job.com/yuncheng/141741327.html?s=sou_sou_soulb&t=0_0
138487112,大数据分析师（接受应届）,0.8-1万,朔州,无需经验,大专,北京碰碰简聘网络技术有限公司,2022-11-04 17:49:06,https://jobs.51job.com/shuozhou/138487112.html?s=sou_sou_soulb&t=0_0
141791821,高级大数据测试开发工程师-广告系统,3-6万,上海,3-4年经验,本科,字节跳动,2022-11-06 01:23:42,https://jobs.51job.com/shanghai/141791821.html?s=sou_sou_soulb&t=0_0
141835137,大数据分析师（接受应届）,8千-1.2万,晋城,1年经验,大专,深圳市白牛贸易有限公司,2022-11-04 17:51:38,https://jobs.51job.com/jincheng/141835137.html?s=sou_sou_soulb&t=0_0
143382896,某国企-大数据,1.5-3万,苏州,3-4年经验,本科,SZCP直通车项目组1,2022-11-04 10:22:29,https://jobs.51job.com/suzhou/143382896.html?s=sou_sou_soulb&t=0_0
136420492,大数据架构师,2-4万,上海-闵行区,3-4年经验,本科,上海琢本网络科技有限公司,2022-11-04 11:10:30,https://jobs.51job.com/shanghai-mhq/136420492.html?s=sou_sou_soulb&t=0_0
142575958,大数据工程师助理/包住,6-9千,广州-白云区,无需经验,本科,广州博锐信息技术有限公司,2022-11-04 14:01:39,https://jobs.51job.com/guangzhou-byq/142575958.html?s=sou_sou_soulb&t=0_0
139881837,大数据开发工程师,0.8-1万,宁德,1年经验,本科,宁德卫星大数据科技有限公司,2022-11-04 10:20:12,https://jobs.51job.com/ningde/139881837.html?s=sou_sou_soulb&t=0_0
141141497,智慧医疗-高级大数据开发工程师-武汉,1.8-3万,武汉-东湖新技术产业开发区,5-7年经验,本科,讯飞华中（武汉）有限公司,2022-11-04 09:43:26,https://jobs.51job.com/wuhan-dhxjs/141141497.html?s=sou_sou_soulb&t=0_0
142245529,大数据运维工程师,8千-1.3万·14薪,武汉-江夏区,2年经验,本科,远光软件股份有限公司武汉研发中心,2022-11-04 13:57:09,https://jobs.51job.com/wuhan-jxq/142245529.html?s=sou_sou_soulb&t=0_0
128815446,初/中级JAVA开发（灾备容灾大数据脱敏备份）,1.4-2.8万,上海-闵行区,2年经验,本科,上海英方软件股份有限公司,2022-11-04 14:06:49,https://jobs.51job.com/shanghai-mhq/128815446.html?s=sou_sou_soulb&t=0_0
139569360,销售经理（大数据）,1.5-2.5万,广州-海珠区,2年经验,大专,和元达信息科技有限公司,2022-11-04 11:18:56,https://jobs.51job.com/guangzhou-hzq/139569360.html?s=sou_sou_soulb&t=0_0
143382862,某国企-大数据,1.5-3万,苏州,3-4年经验,本科,SZCP直通车项目组1,2022-11-04 10:22:29,https://jobs.51job.com/suzhou/143382862.html?s=sou_sou_soulb&t=0_0
143626409,大数据开发工程师,5千-1万,深圳-龙岗区,3-4年经验,大专,深圳市汉锐信息技术股份有限公司,2022-11-04 14:00:49,https://jobs.51job.com/shenzhen-lgq/143626409.html?s=sou_sou_soulb&t=0_0
127945752,JAVA开发工程师(数据大数据方向),1.1-2.2万·14薪,北京-朝阳区,1年经验,本科,上海英方软件股份有限公司,2022-11-04 14:06:49,https://jobs.51job.com/beijing-cyq/127945752.html?s=sou_sou_soulb&t=0_0
125159099,大数据开发工程师,2-2.4万,广州-天河区,3-4年经验,本科,广东阿尔创通信技术股份有限公司,2022-11-04 09:30:00,https://jobs.51job.com/guangzhou-thq/125159099.html?s=sou_sou_soulb&t=0_0
142913487,大数据开发工程师/双休/8-12k,6千-1.2万,青岛,无需经验,大专,青岛黑臻科技信息有限公司,2022-11-04 09:28:30,https://jobs.51job.com/qingdao/142913487.html?s=sou_sou_soulb&t=0_0
129923651,大数据工程师助理实习,3.5-5千,石家庄-裕华区,无需经验,大专,河北晨华信息科技有限公司,2022-11-04 13:52:41,https://jobs.51job.com/shijiazhuang-yhq/129923651.html?s=sou_sou_soulb&t=0_0
134283713,商业大数据市场专员（业务）,6-8千,上海-黄浦区,无需经验,大专,诺贝尔曼（上海）电子商务有限公司,2022-11-04 09:27:50,https://jobs.51job.com/shanghai-hpq/134283713.html?s=sou_sou_soulb&t=0_0
140209218,大数据工程师,1.5-2.2万,上海-浦东新区,3-4年经验,硕士,上海兰桂骐技术发展股份有限公司,2022-11-04 10:01:15,https://jobs.51job.com/shanghai-pdxq/140209218.html?s=sou_sou_soulb&t=0_0
142836028,大数据管理与应用教师,7.5千-1.2万,广州-花都区,无需经验,硕士,广东培正学院,2022-11-04 10:00:01,https://jobs.51job.com/guangzhou-hdq/142836028.html?s=sou_sou_soulb&t=0_0
137400295,大数据方向研究员,30-40万/年,广州-南沙区,1年经验,博士,广州软件应用技术研究院,2022-11-04 10:00:01,https://jobs.51job.com/guangzhou-nsq/137400295.html?s=sou_sou_soulb&t=0_0
126059211,大数据开发工程师,1.2-1.8万,上海-黄浦区,2年经验,本科,苏州维莱科软件有限公司,2022-11-04 09:25:21,https://jobs.51job.com/shanghai-hpq/126059211.html?s=sou_sou_soulb&t=0_0
143317650,解决方案经理 （大数据方向）,20-30万/年,武汉-江岸区,3-4年经验,本科,中国联合网络通信有限公司湖北省分公司,2022-11-04 09:24:57,https://jobs.51job.com/wuhan-jaq/143317650.html?s=sou_sou_soulb&t=0_0
139917999,大数据行业咨询顾问,2-4万,西安-未央区,5-7年经验,本科,北京柏睿数据技术股份有限公司,2022-11-04 13:38:28,https://jobs.51job.com/xian-wyq/139917999.html?s=sou_sou_soulb&t=0_0
121336869,大数据开发工程师,1-1.5万,上海-浦东新区,3-4年经验,本科,上海鹏越惊虹信息技术发展有限公司,2022-11-04 10:07:43,https://jobs.51job.com/shanghai-pdxq/121336869.html?s=sou_sou_soulb&t=0_0
114738876,市场大数据分析,0.8-1万,上海-长宁区,1年经验,本科,上海微盼智能科技有限公司,2022-11-04 10:07:41,https://jobs.51job.com/shanghai-cnq/114738876.html?s=sou_sou_soulb&t=0_0
134254882,大数据开发助理（双休+包住）,6-8千,深圳-福田区,无需经验,大专,深圳市博瑞纳电子商务有限公司,2022-11-04 09:23:47,https://jobs.51job.com/shenzhen-ftq/134254882.html?s=sou_sou_soulb&t=0_0
141834895,大数据分析师（接受应届）,8千-1.2万,晋中,1年经验,大专,深圳市白牛贸易有限公司,2022-11-04 17:51:38,https://jobs.51job.com/jinzhong/141834895.html?s=sou_sou_soulb&t=0_0
139797292,大数据开发工程师-合肥滨湖,1.1-1.6万,合肥-滨湖新区,3-4年经验,本科,京北方信息技术股份有限公司,2022-11-04 10:05:56,https://jobs.51job.com/hefei-bhxq/139797292.html?s=sou_sou_soulb&t=0_0
141744705,大数据分析师,8千-1.2万,北京-海淀区,1年经验,大专,深圳市以盛物业有限公司,2022-11-04 17:50:36,https://jobs.51job.com/beijing-hdq/141744705.html?s=sou_sou_soulb&t=0_0
138325663,大数据分析师,0.8-1万,天津-南开区,无需经验,大专,北京碰碰简聘网络技术有限公司,2022-11-04 17:49:32,https://jobs.51job.com/tianjin-nkq/138325663.html?s=sou_sou_soulb&t=0_0
141835364,大数据分析师（接受应届）,8千-1.2万,大同,1年经验,大专,深圳市白牛贸易有限公司,2022-11-04 17:51:31,https://jobs.51job.com/datong/141835364.html?s=sou_sou_soulb&t=0_0
143446469,大数据研发工程师,1.5-1.9万,上海-杨浦区,3-4年经验,硕士,上海达坦能源科技股份有限公司,2022-11-04 09:18:59,https://jobs.51job.com/shanghai-ypq/143446469.html?s=sou_sou_soulb&t=0_0
141747374,金融大数据分析师,8千-1.2万,北京-东城区,1年经验,大专,深圳市以盛物业有限公司,2022-11-04 17:50:36,https://jobs.51job.com/beijing-dcq/141747374.html?s=sou_sou_soulb&t=0_0
138325690,大数据分析师,0.8-1万,天津-河东区,无需经验,大专,北京碰碰简聘网络技术有限公司,2022-11-04 17:49:32,https://jobs.51job.com/tianjin-hdq/138325690.html?s=sou_sou_soulb&t=0_0
141841382,大数据分析师（接受应届）,8千-1.2万,天津-南开区,1年经验,大专,深圳市白牛贸易有限公司,2022-11-04 17:51:16,https://jobs.51job.com/tianjin-nkq/141841382.html?s=sou_sou_soulb&t=0_0
141795701,大数据开发工程师,7千-1.4万·13薪,杭州-西湖区,2年经验,本科,杭州欣能科技有限公司,2022-11-04 09:50:57,https://jobs.51job.com/hangzhou-xhq/141795701.html?s=sou_sou_soulb&t=0_0
141744736,大数据分析师,8千-1.2万,天津,1年经验,大专,深圳市以盛物业有限公司,2022-11-04 17:50:36,https://jobs.51job.com/tianjin/141744736.html?s=sou_sou_soulb&t=0_0
138325640,大数据分析师,0.8-1万,天津-红桥区,无需经验,大专,北京碰碰简聘网络技术有限公司,2022-11-04 17:49:32,https://jobs.51job.com/tianjin-hqq/138325640.html?s=sou_sou_soulb&t=0_0
141841892,大数据分析师,8千-1.2万,长治,1年经验,大专,深圳市白牛贸易有限公司,2022-11-04 17:51:16,https://jobs.51job.com/changzhi/141841892.html?s=sou_sou_soulb&t=0_0
142098372,大数据开发工程师—被投企业,1.5-2.5万,重庆-渝北区,5-7年经验,硕士,四源合股权投资管理有限公司,2022-11-04 09:15:46,https://jobs.51job.com/chongqing-ybq/142098372.html?s=sou_sou_soulb&t=0_0
141748390,工程造价大数据分析师,8千-1万,北京,1年经验,本科,深圳市以盛物业有限公司,2022-11-04 17:50:36,https://jobs.51job.com/beijing/141748390.html?s=sou_sou_soulb&t=0_0
138326225,大数据分析师,0.8-1万,保定,无需经验,大专,北京碰碰简聘网络技术有限公司,2022-11-04 17:49:24,https://jobs.51job.com/baoding/138326225.html?s=sou_sou_soulb&t=0_0
141843378,大数据分析师,8千-1.2万,张家口,1年经验,大专,深圳市白牛贸易有限公司,2022-11-04 17:51:16,https://jobs.51job.com/zhangjiakou/141843378.html?s=sou_sou_soulb&t=0_0
113384386,软件开发工程师（大数据/BI中级）,10-20万/年,嘉兴,3-4年经验,本科,浙江和达科技股份有限公司,2022-11-04 09:47:12,https://jobs.51job.com/jiaxing/113384386.html?s=sou_sou_soulb&t=0_0
139001043,大数据开发工程师,8千-1.5万,南京,1年经验,本科,浙江立元科技有限公司,2022-11-04 09:13:35,https://jobs.51job.com/nanjing/139001043.html?s=sou_sou_soulb&t=0_0
138486958,大数据分析师（接受应届）,0.8-1万,长治,无需经验,大专,北京碰碰简聘网络技术有限公司,2022-11-04 17:49:06,https://jobs.51job.com/changzhi/138486958.html?s=sou_sou_soulb&t=0_0
141841450,大数据分析师（接受应届）,8千-1.2万,天津-红桥区,1年经验,大专,深圳市白牛贸易有限公司,2022-11-04 17:51:16,https://jobs.51job.com/tianjin-hqq/141841450.html?s=sou_sou_soulb&t=0_0
115752523,大数据开发工程师,1-1.5万,北京-西城区,,2年经验,中讯志远（武汉）科技有限公司,2022-11-04 09:11:04,https://jobs.51job.com/beijing-xcq/115752523.html?s=sou_sou_soulb&t=0_0
122580808,大数据测试经理,20-40万/年,广州,3-4年经验,本科,广东省国际工程咨询有限公司,2022-11-04 09:54:08,https://jobs.51job.com/guangzhou/122580808.html?s=sou_sou_soulb&t=0_0
138486890,大数据分析师（接受应届）,0.8-1万,大同,无需经验,大专,北京碰碰简聘网络技术有限公司,2022-11-04 17:49:06,https://jobs.51job.com/datong/138486890.html?s=sou_sou_soulb&t=0_0
141841967,大数据分析师,8千-1.2万,朔州,1年经验,大专,深圳市白牛贸易有限公司,2022-11-04 17:51:16,https://jobs.51job.com/shuozhou/141841967.html?s=sou_sou_soulb&t=0_0
143241704,智慧医疗-大数据架构师-武汉,2-3万,武汉-东湖新技术产业开发区,5-7年经验,本科,讯飞华中（武汉）有限公司,2022-11-04 09:43:26,https://jobs.51job.com/wuhan-dhxjs/143241704.html?s=sou_sou_soulb&t=0_0
113384386,软件开发工程师（大数据/BI中级）,10-20万/年,嘉兴,3-4年经验,本科,浙江和达科技股份有限公司,2022-11-04 09:47:12,https://jobs.51job.com/jiaxing/113384386.html?s=sou_sou_soulb&t=0_0
141306098,大数据开发工程师,1.3-2万,上海-徐汇区,2年经验,本科,苏州零壹云软件技术有限公司,2022-11-04 11:02:20,https://jobs.51job.com/shanghai-xhq/141306098.html?s=sou_sou_soulb&t=0_0
142634930,大数据运维工程师,1.2-1.8万,广州-黄埔区,5-7年经验,本科,广东合生信息科技有限公司,2022-11-04 11:02:18,https://jobs.51job.com/guangzhou-hpq/142634930.html?s=sou_sou_soulb&t=0_0
143241704,智慧医疗-大数据架构师-武汉,2-3万,武汉-东湖新技术产业开发区,5-7年经验,本科,讯飞华中（武汉）有限公司,2022-11-04 09:43:26,https://jobs.51job.com/wuhan-dhxjs/143241704.html?s=sou_sou_soulb&t=0_0
124300196,大数据运维工程师（中级）,1-1.5万,北京-丰台区,3-4年经验,本科,中讯志远（武汉）科技有限公司,2022-11-04 09:10:40,https://jobs.51job.com/beijing-ftq/124300196.html?s=sou_sou_soulb&t=0_0
141442712,高级大数据开发工程师,1.5-3万,珠海,3-4年经验,本科,珠海市魅族科技有限公司,2022-11-04 10:59:57,https://jobs.51job.com/zhuhai/141442712.html?s=sou_sou_soulb&t=0_0
140372263,大数据产品经理（质量大数据产品经理）,2-3万,深圳-福田区,5-7年经验,大专,西安华越信息技术有限公司深圳分公司,2022-11-04 09:10:12,https://jobs.51job.com/shenzhen-ftq/140372263.html?s=sou_sou_soulb&t=0_0
143578302,大数据教学经理,10-15万/年,南宁,5-7年经验,本科,武汉中惠创新科技有限公司,2022-11-04 09:07:36,https://jobs.51job.com/nanning/143578302.html?s=sou_sou_soulb&t=0_0
141540245,大数据产品经理,1.5-2.5万,广州-天河区,3-4年经验,本科,蜘点集团有限公司,2022-11-04 09:37:02,https://jobs.51job.com/guangzhou-thq/141540245.html?s=sou_sou_soulb&t=0_0
143322741,大数据需求分析师,1.5-1.8万,深圳-宝安区,3-4年经验,本科,深圳机场国际货站有限公司,2022-11-04 09:05:18,https://jobs.51job.com/shenzhen-baq/143322741.html?s=sou_sou_soulb&t=0_0
140372181,大数据产品经理（销售大数据产品经理）,2-3万,深圳-南山区,3-4年经验,大专,西安华越信息技术有限公司深圳分公司,2022-11-04 09:10:12,https://jobs.51job.com/shenzhen-nsq/140372181.html?s=sou_sou_soulb&t=0_0
141153568,大数据系统架构师（自研互联网）,3-4万,南京,8-9年经验,本科,车300,2022-11-04 09:01:36,https://jobs.51job.com/nanjing/141153568.html?s=sou_sou_soulb&t=0_0
98795043,中级Java开发工程师（大数据）,8千-1.3万,南京,2年经验,大专,南京君度科技有限公司,2022-11-04 09:01:12,https://jobs.51job.com/nanjing/98795043.html?s=sou_sou_soulb&t=0_0
143619008,大数据实习生,4-6千,德州,无需经验,大专,陕西鸿运荣昇网络科技有限公司,2022-11-04 13:00:01,https://jobs.51job.com/dezhou/143619008.html?s=sou_sou_soulb&t=0_0
123627246,大数据运维,1.2-1.8万,重庆-渝北区,3-4年经验,本科,重庆维普资讯有限公司,2022-11-04 08:56:55,https://jobs.51job.com/chongqing-ybq/123627246.html?s=sou_sou_soulb&t=0_0
142836102,大数据分析与开发工程师,9千-1.8万,重庆,8-9年经验,本科,重庆万国半导体科技有限公司,2022-11-04 08:56:28,https://jobs.51job.com/chongqing/142836102.html?s=sou_sou_soulb&t=0_0
143464998,资深大数据平台软件开发工程师,2-3万,成都,5-7年经验,本科,成都拓达聚思力信息技术有限公司,2022-11-04 09:26:56,https://jobs.51job.com/chengdu/143464998.html?s=sou_sou_soulb&t=0_0
142577260,大数据开发实习生,6-8千,广州-海珠区,无需经验,本科,广州雪福科技信息有限公司,2022-11-04 09:23:17,https://jobs.51job.com/guangzhou-hzq/142577260.html?s=sou_sou_soulb&t=0_0
142056148,大数据开发工程师,1.2-1.8万·13薪,南京-建邺区,2年经验,本科,江苏欣网视讯软件技术有限公司,2022-11-04 09:18:04,https://jobs.51job.com/nanjing-jyq/142056148.html?s=sou_sou_soulb&t=0_0
141885210,大数据开发工程师,1.2-1.5万,无锡,3-4年经验,本科,江苏蓝创智能科技股份有限公司,2022-11-04 08:46:25,https://jobs.51job.com/wuxi/141885210.html?s=sou_sou_soulb&t=0_0
140173194,大数据分析和平台开发工程师,1.5-2.8万·13薪,深圳-南山区,5-7年经验,本科,深圳国家高技术产业创新中心,2022-11-04 09:14:52,https://jobs.51job.com/shenzhen-nsq/140173194.html?s=sou_sou_soulb&t=0_0
142506022,大数据研究员（水文）,1.2-1.8万,北京-海淀区,1年经验,硕士,上海数喆数据科技有限公司,2022-11-04 11:37:00,https://jobs.51job.com/beijing-hdq/142506022.html?s=sou_sou_soulb&t=0_0
139666881,大数据软件开发工程师,6千-1.2万,昆明-西山区,1年经验,大专,宜通世纪科技股份有限公司,2022-11-04 08:41:28,https://jobs.51job.com/kunming-xsq/139666881.html?s=sou_sou_soulb&t=0_0
143477037,销售经理（军工大数据/软件）,1.5-2.2万,成都,5-7年经验,本科,四川创意科技有限公司,2022-11-04 10:29:50,https://jobs.51job.com/chengdu/143477037.html?s=sou_sou_soulb&t=0_0
109551849,大数据开发工程师,1.5-2万,上海-浦东新区,2年经验,本科,上海沣海智能科技有限公司,2022-11-04 09:11:28,https://jobs.51job.com/shanghai-pdxq/109551849.html?s=sou_sou_soulb&t=0_0
138667423,大数据研发工程师,1-1.5万,天津-东丽区,3-4年经验,本科,中讯志远（武汉）科技有限公司,2022-11-04 09:09:14,https://jobs.51job.com/tianjin-dlq/138667423.html?s=sou_sou_soulb&t=0_0
142563413,大数据分析师,4-8千,广州-天河区,1年经验,大专,宜通世纪科技股份有限公司,2022-11-04 08:41:28,https://jobs.51job.com/guangzhou-thq/142563413.html?s=sou_sou_soulb&t=0_0
139507423,大数据开发工程师-研究院,1.5-2.5万,北京-东城区,3-4年经验,本科,北京国研数通软件技术有限公司,2022-11-04 13:26:05,https://jobs.51job.com/beijing-dcq/139507423.html?s=sou_sou_soulb&t=0_0
138570100,高级大数据处理研究员（代招）0601,80-100万/年,无锡,5-7年经验,硕士,无锡市软件行业协会,2022-11-04 10:21:29,https://jobs.51job.com/wuxi/138570100.html?s=sou_sou_soulb&t=0_0
143528141,大数据工程师,6-9千,昆山,3-4年经验,本科,恒美光电股份有限公司,2022-11-04 08:23:37,https://jobs.51job.com/kunshan/143528141.html?s=sou_sou_soulb&t=0_0
143529788,运营商事业部-大数据工程师-合肥,1-1.8万,合肥-高新区,3-4年经验,大专,科大讯飞股份有限公司,2022-11-04 11:16:56,https://jobs.51job.com/hefei-gxq/143529788.html?s=sou_sou_soulb&t=0_0
139012033,方案解决经理（IDC大数据）,1.2-2.4万,长沙,5-7年经验,本科,湖南省通信建设有限公司,2022-11-04 16:00:01,https://jobs.51job.com/changsha/139012033.html?s=sou_sou_soulb&t=0_0
131864532,大数据开发工程师,8千-1.2万,北京-海淀区,3-4年经验,本科,东华软件股份公司,2022-11-04 08:49:15,https://jobs.51job.com/beijing-hdq/131864532.html?s=sou_sou_soulb&t=0_0
143629274,大数据项目经理/产品经理,1.5-2.5万,南京-雨花台区,3-4年经验,本科,中兴飞流信息科技有限公司,2022-11-04 08:48:26,https://jobs.51job.com/nanjing-yhtq/143629274.html?s=sou_sou_soulb&t=0_0
139482512,大数据开发工程师（NZ210038）,8千-1.4万,广州-黄埔区,3-4年经验,大专,广东南电智控系统有限公司,2022-11-04 11:01:23,https://jobs.51job.com/guangzhou-hpq/139482512.html?s=sou_sou_soulb&t=0_0
138864162,总行信用卡中心-大数据开发岗,,北京,1年经验,硕士,中国光大银行总行信用卡中心,2022-11-04 08:06:00,https://jobs.51job.com/beijing/138864162.html?s=sou_sou_soulb&t=0_0
143615220,大数据工程师,8千-1.6万,重庆-沙坪坝区,5-7年经验,本科,华润微电子（重庆）有限公司,2022-11-04 11:00:01,https://jobs.51job.com/chongqing-spbq/143615220.html?s=sou_sou_soulb&t=0_0
137688638,大数据招商,1.5-2.5万,上海-普陀区,5-7年经验,大专,上海麦腾永联科创企业发展股份有限公司,2022-11-04 09:54:06,https://jobs.51job.com/shanghai-ptq/137688638.html?s=sou_sou_soulb&t=0_0
121412384,大数据开发工程师,1.5-2.5万,重庆-渝中区,3-4年经验,本科,中电通商数字技术（上海）有限公司,2022-11-04 09:52:56,https://jobs.51job.com/chongqing-yzq/121412384.html?s=sou_sou_soulb&t=0_0
139847223,大数据开发工程师/周末双休,1.2-1.7万,广州-天河区,3-4年经验,本科,深圳市睿服科技有限公司,2022-11-04 15:44:04,https://jobs.51job.com/guangzhou-thq/139847223.html?s=sou_sou_soulb&t=0_0
141779506,大数据实习生,6-7千·13薪,青岛-市北区,无需经验,大专,青岛英凡时代信息科技有限公司,2022-11-04 12:37:28,https://jobs.51job.com/qingdao-sbq/141779506.html?s=sou_sou_soulb&t=0_0
141690625,大数据分析助理7-13K+住宿,7千-1.2万,青岛,,无需经验,青岛黑臻科技信息有限公司,2022-11-04 09:28:51,https://jobs.51job.com/qingdao/141690625.html?s=sou_sou_soulb&t=0_0
133867015,商业大数据开发专员（销售）,7.5千-1.5万,上海-黄浦区,无需经验,大专,诺贝尔曼（上海）电子商务有限公司,2022-11-04 09:27:53,https://jobs.51job.com/shanghai-hpq/133867015.html?s=sou_sou_soulb&t=0_0
129597613,大数据开发工程师,1.5-2.5万,成都,5-7年经验,本科,成都拓达聚思力信息技术有限公司,2022-11-04 09:26:56,https://jobs.51job.com/chengdu/129597613.html?s=sou_sou_soulb&t=0_0
138765759,总行信息科技部-安全运营岗-大数据技术、研发方向,,北京,3-4年经验,硕士,中国光大银行总行信息科技部,2022-11-04 08:05:40,https://jobs.51job.com/beijing/138765759.html?s=sou_sou_soulb&t=0_0
134706180,大数据开发工程师,4-6千,大连-高新园区,无需经验,大专,汉恩（大连）网络科技有限公司,2022-11-04 10:23:26,https://jobs.51job.com/dalian-gxyq/134706180.html?s=sou_sou_soulb&t=0_0
139432048,大数据咨询顾问（GZGY）,3-4万,广州-黄埔区,10年以上经验,本科,广州健新科技有限责任公司,2022-11-04 11:28:52,https://jobs.51job.com/guangzhou-hpq/139432048.html?s=sou_sou_soulb&t=0_0
112418025,大数据工程师,2-3万,苏州,2年经验,硕士,苏州恩巨网络有限公司,2022-11-04 10:22:53,https://jobs.51job.com/suzhou/112418025.html?s=sou_sou_soulb&t=0_0
131651725,大数据开发工程师,4.5-6千,大连-高新园区,无需经验,大专,中智华科（大连）科技有限公司,2022-11-04 10:22:07,https://jobs.51job.com/dalian-gxyq/131651725.html?s=sou_sou_soulb&t=0_0
143218725,大数据分析助理7-13K,7千-1.3万,青岛-市北区,无需经验,大专,青岛资博互动信息技术有限公司,2022-11-04 09:16:59,https://jobs.51job.com/qingdao-sbq/143218725.html?s=sou_sou_soulb&t=0_0
